claim_id,x,y,cluster_id,macro_theme,color,dataset,model,variant,seed,text,customer_id,label,distance
claim_000_000,0.07094544878894121,0.04214531768323687,clu_000,Everyday spending,#58b368,gender,qwen,demo,17,Synthetic claim 0 in cluster 0,0,0,0.11431841120668768
claim_000_001,-0.7015993219237834,0.5239340787005702,clu_000,Everyday spending,#58b368,gender,qwen,demo,17,Synthetic claim 1 in cluster 0,1,1,0.44899365641533945
claim_000_002,1.5734244864578142,0.38341111753041335,clu_000,Everyday spending,#58b368,gender,qwen,demo,17,Synthetic claim 2 in cluster 0,2,0,0.2553929159168001
claim_000_003,1.2892793223123493,0.14410282466379717,clu_000,Everyday spending,#58b368,gender,qwen,demo,17,Synthetic claim 3 in cluster 0,3,1,0.08058774326095555
claim_000_004,0.6096061204488863,0.5959156903131866,clu_000,Everyday spending,#58b368,gender,qwen,demo,17,Synthetic claim 4 in cluster 0,4,0,0.25515162730228164
claim_000_005,0.05159744898673735,-0.12187403628784749,clu_000,Everyday spending,#58b368,gender,qwen,demo,17,Synthetic claim 5 in cluster 0,5,1,0.3667158930911209
claim_000_006,0.43512564335357967,-0.8242914602943983,clu_000,Everyday spending,#58b368,gender,qwen,demo,17,Synthetic claim 6 in cluster 0,6,0,0.16124649233191204
claim_000_007,-0.6456063288749198,-0.7388754879143298,clu_000,Everyday spending,#58b368,gender,qwen,demo,17,Synthetic claim 7 in cluster 0,7,1,0.445979529918629
claim_000_008,0.8612994089984138,0.8896977634431849,clu_000,Everyday spending,#58b368,gender,qwen,demo,17,Synthetic claim 8 in cluster 0,8,0,0.2964137872730314
claim_000_009,0.33553868395344627,0.20841112565934172,clu_000,Everyday spending,#58b368,gender,qwen,demo,17,Synthetic claim 9 in cluster 0,9,1,0.12559183724661796
claim_000_010,0.5959321002841409,-0.34341550227399203,clu_000,Everyday spending,#58b368,gender,qwen,demo,17,Synthetic claim 10 in cluster 0,10,0,0.29397996669453086
claim_000_011,0.766549895738732,-0.8875028042059885,clu_000,Everyday spending,#58b368,gender,qwen,demo,17,Synthetic claim 11 in cluster 0,11,1,0.40893211161605997
claim_000_012,0.6402349264746402,0.37108690996895105,clu_000,Everyday spending,#58b368,gender,qwen,demo,17,Synthetic claim 12 in cluster 0,12,0,0.07711360264218424
claim_000_013,-0.1797876185914491,-0.263935803155375,clu_000,Everyday spending,#58b368,gender,qwen,demo,17,Synthetic claim 13 in cluster 0,13,1,0.24787679674807586
claim_000_014,0.08212169680737641,-0.185567890181432,clu_000,Everyday spending,#58b368,gender,qwen,demo,17,Synthetic claim 14 in cluster 0,14,0,0.3786740991488179
claim_000_015,0.11824455253941163,-0.24205319005807324,clu_000,Everyday spending,#58b368,gender,qwen,demo,17,Synthetic claim 15 in cluster 0,15,1,0.22699768085810945
claim_000_016,0.6598670107766489,0.5711769673003956,clu_000,Everyday spending,#58b368,gender,qwen,demo,17,Synthetic claim 16 in cluster 0,16,0,0.037645756189850506
claim_000_017,-0.3118538001864892,0.08392391700093071,clu_000,Everyday spending,#58b368,gender,qwen,demo,17,Synthetic claim 17 in cluster 0,17,1,0.1319437317777179
claim_000_018,-0.2642083720342536,-0.06927795597110159,clu_000,Everyday spending,#58b368,gender,qwen,demo,17,Synthetic claim 18 in cluster 0,18,0,0.3796742686596568
claim_000_019,0.677694591765095,0.17038328684377574,clu_000,Everyday spending,#58b368,gender,qwen,demo,17,Synthetic claim 19 in cluster 0,19,1,0.2338944061802351
claim_000_020,0.11099067481359803,-0.2544454497452318,clu_000,Everyday spending,#58b368,gender,qwen,demo,17,Synthetic claim 20 in cluster 0,20,0,0.2035292591106803
claim_000_021,-0.0638341164340922,0.651132552035841,clu_000,Everyday spending,#58b368,gender,qwen,demo,17,Synthetic claim 21 in cluster 0,21,1,0.31469492589427206
claim_000_022,2.1476012095879895,-0.5946340794725534,clu_000,Everyday spending,#58b368,gender,qwen,demo,17,Synthetic claim 22 in cluster 0,22,0,0.1099300101807394
claim_000_023,0.057241539968311106,0.08681400884566079,clu_000,Everyday spending,#58b368,gender,qwen,demo,17,Synthetic claim 23 in cluster 0,23,1,0.005000537108288627
claim_000_024,0.1919087609607084,1.0712974172838732,clu_000,Everyday spending,#58b368,gender,qwen,demo,17,Synthetic claim 24 in cluster 0,24,0,0.004653165162609646
claim_000_025,-0.17595933189452106,0.4069278399980147,clu_000,Everyday spending,#58b368,gender,qwen,demo,17,Synthetic claim 25 in cluster 0,25,1,0.04026761431782397
claim_000_026,-0.08048444432450008,0.36032998828802987,clu_000,Everyday spending,#58b368,gender,qwen,demo,17,Synthetic claim 26 in cluster 0,26,0,0.11720431247690455
claim_000_027,1.00181583990038,0.43449460881219215,clu_000,Everyday spending,#58b368,gender,qwen,demo,17,Synthetic claim 27 in cluster 0,27,1,0.28140683976577396
claim_000_028,0.3260756493378508,0.5177290375800437,clu_000,Everyday spending,#58b368,gender,qwen,demo,17,Synthetic claim 28 in cluster 0,28,0,0.0708804106585881
claim_000_029,-0.26847132847012833,-0.0934725423199719,clu_000,Everyday spending,#58b368,gender,qwen,demo,17,Synthetic claim 29 in cluster 0,29,1,0.1882466469540042
claim_000_030,0.4064462484991889,1.094775177766814,clu_000,Everyday spending,#58b368,gender,qwen,demo,17,Synthetic claim 30 in cluster 0,30,0,0.0702577496518275
claim_000_031,0.8131663927372618,0.8306125190934562,clu_000,Everyday spending,#58b368,gender,qwen,demo,17,Synthetic claim 31 in cluster 0,31,1,0.2486648105137138
claim_000_032,0.7881638915753624,0.6805151679892172,clu_000,Everyday spending,#58b368,gender,qwen,demo,17,Synthetic claim 32 in cluster 0,32,0,0.06026990271420384
claim_000_033,0.6529215362405739,0.42464269906516633,clu_000,Everyday spending,#58b368,gender,qwen,demo,17,Synthetic claim 33 in cluster 0,33,1,0.3652744606495967
claim_000_034,0.17643458765406028,-0.3543016402073634,clu_000,Everyday spending,#58b368,gender,qwen,demo,17,Synthetic claim 34 in cluster 0,34,0,0.2335136455052211
claim_000_035,1.3195378451149518,0.040277893138949236,clu_000,Everyday spending,#58b368,gender,qwen,demo,17,Synthetic claim 35 in cluster 0,35,1,0.20196094491114813
claim_000_036,0.7775605167691167,0.005635758042396077,clu_000,Everyday spending,#58b368,gender,qwen,demo,17,Synthetic claim 36 in cluster 0,36,0,0.164345037207638
claim_001_000,4.05078926315993,0.3364995462335836,clu_001,Mobility,#f39c35,age,gpt_oss,demo,101,Synthetic claim 0 in cluster 1,1000,0,0.17328484927610202
claim_001_001,3.5396784730205257,-0.02076531663437621,clu_001,Mobility,#f39c35,age,gpt_oss,demo,101,Synthetic claim 1 in cluster 1,1001,1,0.39492994237183526
claim_001_002,4.199172408488767,-0.6776362000438203,clu_001,Mobility,#f39c35,age,gpt_oss,demo,101,Synthetic claim 2 in cluster 1,1002,0,0.3748222983183306
claim_001_003,3.908688522003521,0.5539288291523982,clu_001,Mobility,#f39c35,age,gpt_oss,demo,101,Synthetic claim 3 in cluster 1,1003,1,0.4283284624925101
claim_001_004,4.328929100624446,-0.12959948305125538,clu_001,Mobility,#f39c35,age,gpt_oss,demo,101,Synthetic claim 4 in cluster 1,1004,0,0.2884377130809123
claim_001_005,5.764945083502736,-0.32005893434320265,clu_001,Mobility,#f39c35,age,gpt_oss,demo,101,Synthetic claim 5 in cluster 1,1005,1,0.16429686276340352
claim_001_006,4.653968851275844,-0.4026812237060563,clu_001,Mobility,#f39c35,age,gpt_oss,demo,101,Synthetic claim 6 in cluster 1,1006,0,0.0948369337776969
claim_001_007,4.773520251465119,0.2900854213724285,clu_001,Mobility,#f39c35,age,gpt_oss,demo,101,Synthetic claim 7 in cluster 1,1007,1,0.28065351602824895
claim_001_008,4.161392102588168,-0.67105150527391,clu_001,Mobility,#f39c35,age,gpt_oss,demo,101,Synthetic claim 8 in cluster 1,1008,0,0.0765332378753017
claim_001_009,4.089683084921914,-0.17048760815490882,clu_001,Mobility,#f39c35,age,gpt_oss,demo,101,Synthetic claim 9 in cluster 1,1009,1,0.17258531179496844
claim_001_010,4.333434419033398,0.5572082297787327,clu_001,Mobility,#f39c35,age,gpt_oss,demo,101,Synthetic claim 10 in cluster 1,1010,0,0.2353147570096887
claim_001_011,3.2964482573803826,0.41290638330192275,clu_001,Mobility,#f39c35,age,gpt_oss,demo,101,Synthetic claim 11 in cluster 1,1011,1,0.05929757134778646
claim_001_012,4.38340688837436,-0.8779752702628407,clu_001,Mobility,#f39c35,age,gpt_oss,demo,101,Synthetic claim 12 in cluster 1,1012,0,0.30314108176946186
claim_001_013,4.036635820656713,0.29058232603176964,clu_001,Mobility,#f39c35,age,gpt_oss,demo,101,Synthetic claim 13 in cluster 1,1013,1,0.3043501513812248
claim_001_014,4.76631243100141,-0.2674598170336334,clu_001,Mobility,#f39c35,age,gpt_oss,demo,101,Synthetic claim 14 in cluster 1,1014,0,0.10326024954759311
claim_001_015,4.843902809217398,0.06576891611975673,clu_001,Mobility,#f39c35,age,gpt_oss,demo,101,Synthetic claim 15 in cluster 1,1015,1,0.1861967719379314
claim_001_016,4.004681399637166,-0.4827348202813515,clu_001,Mobility,#f39c35,age,gpt_oss,demo,101,Synthetic claim 16 in cluster 1,1016,0,0.28033624463402795
claim_001_017,3.6636048062934856,-0.14022519983129028,clu_001,Mobility,#f39c35,age,gpt_oss,demo,101,Synthetic claim 17 in cluster 1,1017,1,0.3317804082066461
claim_001_018,4.560307655421881,0.5632290308410571,clu_001,Mobility,#f39c35,age,gpt_oss,demo,101,Synthetic claim 18 in cluster 1,1018,0,0.0378289341408385
claim_002_000,9.697929949030716,-0.500674301049871,clu_002,Digital services,#4f86c6,rosbank,qwen,demo,947,Synthetic claim 0 in cluster 2,2000,0,0.43320604226155746
claim_002_001,9.477652141410829,0.7487778494159526,clu_002,Digital services,#4f86c6,rosbank,qwen,demo,947,Synthetic claim 1 in cluster 2,2001,1,0.2588831242364511
claim_002_002,9.143644205652482,-0.662958076661495,clu_002,Digital services,#4f86c6,rosbank,qwen,demo,947,Synthetic claim 2 in cluster 2,2002,0,0.0715543286545084
claim_002_003,8.478327549424012,0.20101360503033966,clu_002,Digital services,#4f86c6,rosbank,qwen,demo,947,Synthetic claim 3 in cluster 2,2003,1,0.24270801305734166
claim_002_004,8.922274627462576,-0.6216366436599523,clu_002,Digital services,#4f86c6,rosbank,qwen,demo,947,Synthetic claim 4 in cluster 2,2004,0,0.08971227598685756
claim_002_005,8.747910286700698,-0.3253705508713173,clu_002,Digital services,#4f86c6,rosbank,qwen,demo,947,Synthetic claim 5 in cluster 2,2005,1,0.2831007026298892
claim_002_006,8.229871293441237,-0.1752071317058234,clu_002,Digital services,#4f86c6,rosbank,qwen,demo,947,Synthetic claim 6 in cluster 2,2006,0,0.16225056367198687
claim_002_007,8.908384062956761,-0.25875000055790676,clu_002,Digital services,#4f86c6,rosbank,qwen,demo,947,Synthetic claim 7 in cluster 2,2007,1,0.08052533676134627
claim_002_008,8.918434545980261,-0.4497115841364858,clu_002,Digital services,#4f86c6,rosbank,qwen,demo,947,Synthetic claim 8 in cluster 2,2008,0,0.01753346176104206
claim_002_009,9.02646159473414,-0.36448421594561553,clu_002,Digital services,#4f86c6,rosbank,qwen,demo,947,Synthetic claim 9 in cluster 2,2009,1,0.12060952631613879
claim_002_010,8.65595741789112,-0.22000522937136982,clu_002,Digital services,#4f86c6,rosbank,qwen,demo,947,Synthetic claim 10 in cluster 2,2010,0,0.017859299626620955
claim_002_011,8.037442426423262,0.5255151865414583,clu_002,Digital services,#4f86c6,rosbank,qwen,demo,947,Synthetic claim 11 in cluster 2,2011,1,0.30525188551883875
claim_002_012,8.659049787850684,-0.040271924153707145,clu_002,Digital services,#4f86c6,rosbank,qwen,demo,947,Synthetic claim 12 in cluster 2,2012,0,0.048110307136272144
claim_002_013,8.809529500152582,-0.03779324553070432,clu_002,Digital services,#4f86c6,rosbank,qwen,demo,947,Synthetic claim 13 in cluster 2,2013,1,0.23279138767750474
claim_002_014,9.063431902808246,-0.3531376008567193,clu_002,Digital services,#4f86c6,rosbank,qwen,demo,947,Synthetic claim 14 in cluster 2,2014,0,0.008372809074680394
claim_002_015,9.005864840565916,-0.10280049843221756,clu_002,Digital services,#4f86c6,rosbank,qwen,demo,947,Synthetic claim 15 in cluster 2,2015,1,0.13885135152663208
claim_002_016,9.181712739733964,-0.04158245979638145,clu_002,Digital services,#4f86c6,rosbank,qwen,demo,947,Synthetic claim 16 in cluster 2,2016,0,0.3891103730588649
claim_002_017,8.713173744529646,-0.11738827201698455,clu_002,Digital services,#4f86c6,rosbank,qwen,demo,947,Synthetic claim 17 in cluster 2,2017,1,0.2544179092192122
claim_002_018,9.626425744563253,-0.515977160203905,clu_002,Digital services,#4f86c6,rosbank,qwen,demo,947,Synthetic claim 18 in cluster 2,2018,0,0.021454463399286108
claim_002_019,8.718929057984333,-0.0066716991127737935,clu_002,Digital services,#4f86c6,rosbank,qwen,demo,947,Synthetic claim 19 in cluster 2,2019,1,0.17766683633708424
claim_002_020,9.202752502799106,0.3556291721080689,clu_002,Digital services,#4f86c6,rosbank,qwen,demo,947,Synthetic claim 20 in cluster 2,2020,0,0.3492445311646733
claim_002_021,9.244210255004546,-0.027043143182126778,clu_002,Digital services,#4f86c6,rosbank,qwen,demo,947,Synthetic claim 21 in cluster 2,2021,1,0.1470911621077516
claim_003_000,12.486848361519954,-0.4680638478696618,clu_003,Cashflow,#af7ac5,gender,gpt_oss,demo,17,Synthetic claim 0 in cluster 3,3000,0,0.06688494265926302
claim_003_001,12.271120563672152,-0.3201390136998385,clu_003,Cashflow,#af7ac5,gender,gpt_oss,demo,17,Synthetic claim 1 in cluster 3,3001,1,0.3019445607112756
claim_003_002,12.459288539397136,-0.36093153201125244,clu_003,Cashflow,#af7ac5,gender,gpt_oss,demo,17,Synthetic claim 2 in cluster 3,3002,0,0.053772875888644316
claim_003_003,12.459956595045709,-0.24623669616014948,clu_003,Cashflow,#af7ac5,gender,gpt_oss,demo,17,Synthetic claim 3 in cluster 3,3003,1,0.22632922527649862
claim_003_004,11.883101534560243,-0.35305999739657745,clu_003,Cashflow,#af7ac5,gender,gpt_oss,demo,17,Synthetic claim 4 in cluster 3,3004,0,0.4279329240404408
claim_003_005,13.038136851813018,-1.1081718156100746,clu_003,Cashflow,#af7ac5,gender,gpt_oss,demo,17,Synthetic claim 5 in cluster 3,3005,1,0.1646403063886153
claim_003_006,12.153820482577903,0.2257100131023047,clu_003,Cashflow,#af7ac5,gender,gpt_oss,demo,17,Synthetic claim 6 in cluster 3,3006,0,0.39054439087349174
claim_003_007,12.891492748723646,-0.09337584243424336,clu_003,Cashflow,#af7ac5,gender,gpt_oss,demo,17,Synthetic claim 7 in cluster 3,3007,1,0.005000478887310439
claim_003_008,12.346447875285417,-0.21034566270786692,clu_003,Cashflow,#af7ac5,gender,gpt_oss,demo,17,Synthetic claim 8 in cluster 3,3008,0,0.1498042235761374
claim_003_009,12.096418148894514,-0.21123644642674078,clu_003,Cashflow,#af7ac5,gender,gpt_oss,demo,17,Synthetic claim 9 in cluster 3,3009,1,0.4150468406316661
claim_003_010,11.612093931951899,-0.06484700279649572,clu_003,Cashflow,#af7ac5,gender,gpt_oss,demo,17,Synthetic claim 10 in cluster 3,3010,0,0.17033450601352024
claim_003_011,12.246906446485522,-0.6786768013936901,clu_003,Cashflow,#af7ac5,gender,gpt_oss,demo,17,Synthetic claim 11 in cluster 3,3011,1,0.323648765626092
claim_003_012,12.421782439193164,-0.10841155829689492,clu_003,Cashflow,#af7ac5,gender,gpt_oss,demo,17,Synthetic claim 12 in cluster 3,3012,0,0.1698090814757036
claim_003_013,11.851646573764882,0.32508936673333255,clu_003,Cashflow,#af7ac5,gender,gpt_oss,demo,17,Synthetic claim 13 in cluster 3,3013,1,0.35486989118667
claim_003_014,12.945858569109383,0.09214237074728318,clu_003,Cashflow,#af7ac5,gender,gpt_oss,demo,17,Synthetic claim 14 in cluster 3,3014,0,0.13843649882755332
claim_003_015,12.914217607260841,0.3698718893980684,clu_003,Cashflow,#af7ac5,gender,gpt_oss,demo,17,Synthetic claim 15 in cluster 3,3015,1,0.18960588604508963
claim_003_016,12.591805456077713,0.16225895830101933,clu_003,Cashflow,#af7ac5,gender,gpt_oss,demo,17,Synthetic claim 16 in cluster 3,3016,0,0.1463003739500861
claim_003_017,12.387213623203577,-0.016936212677866533,clu_003,Cashflow,#af7ac5,gender,gpt_oss,demo,17,Synthetic claim 17 in cluster 3,3017,1,0.016779820561239868
claim_003_018,11.166787964243532,-0.34926907044089595,clu_003,Cashflow,#af7ac5,gender,gpt_oss,demo,17,Synthetic claim 18 in cluster 3,3018,0,0.3140697568225014
claim_003_019,12.984650968093218,-0.9057012615869058,clu_003,Cashflow,#af7ac5,gender,gpt_oss,demo,17,Synthetic claim 19 in cluster 3,3019,1,0.038237115072418594
claim_003_020,13.38640494648041,-1.0981838155761736,clu_003,Cashflow,#af7ac5,gender,gpt_oss,demo,17,Synthetic claim 20 in cluster 3,3020,0,0.18315332282496485
claim_003_021,12.155453068576472,-0.8278050779698908,clu_003,Cashflow,#af7ac5,gender,gpt_oss,demo,17,Synthetic claim 21 in cluster 3,3021,1,2.6895779444291448e-05
claim_003_022,12.020036630672777,-1.243544735314343,clu_003,Cashflow,#af7ac5,gender,gpt_oss,demo,17,Synthetic claim 22 in cluster 3,3022,0,0.3327636087974145
claim_003_023,11.764599446411573,0.3456885989155936,clu_003,Cashflow,#af7ac5,gender,gpt_oss,demo,17,Synthetic claim 23 in cluster 3,3023,1,0.05632679056754248
claim_003_024,11.896930109862039,-0.022688998375563887,clu_003,Cashflow,#af7ac5,gender,gpt_oss,demo,17,Synthetic claim 24 in cluster 3,3024,0,0.10522181481166316
claim_003_025,11.796127046706003,-0.5324108810028582,clu_003,Cashflow,#af7ac5,gender,gpt_oss,demo,17,Synthetic claim 25 in cluster 3,3025,1,0.1765173073087159
claim_003_026,12.530476075834851,-0.03980201208703743,clu_003,Cashflow,#af7ac5,gender,gpt_oss,demo,17,Synthetic claim 26 in cluster 3,3026,0,0.25456904011908127
claim_003_027,12.561158868343387,-0.6030703178871095,clu_003,Cashflow,#af7ac5,gender,gpt_oss,demo,17,Synthetic claim 27 in cluster 3,3027,1,0.2587827199505622
claim_003_028,13.002021412904803,-0.41759353852996384,clu_003,Cashflow,#af7ac5,gender,gpt_oss,demo,17,Synthetic claim 28 in cluster 3,3028,0,0.15249510755809817
claim_003_029,12.317696142218557,-0.04433251964108686,clu_003,Cashflow,#af7ac5,gender,gpt_oss,demo,17,Synthetic claim 29 in cluster 3,3029,1,0.3423317590508821
claim_003_030,12.850955982220206,0.19442142083247677,clu_003,Cashflow,#af7ac5,gender,gpt_oss,demo,17,Synthetic claim 30 in cluster 3,3030,0,0.12842794748821001
claim_003_031,13.412911498732143,0.14219842708760871,clu_003,Cashflow,#af7ac5,gender,gpt_oss,demo,17,Synthetic claim 31 in cluster 3,3031,1,0.019314471241433605
claim_003_032,13.050381385573921,-0.3072931860258631,clu_003,Cashflow,#af7ac5,gender,gpt_oss,demo,17,Synthetic claim 32 in cluster 3,3032,0,0.06367281522802046
claim_003_033,12.553920516424412,0.013584021169147364,clu_003,Cashflow,#af7ac5,gender,gpt_oss,demo,17,Synthetic claim 33 in cluster 3,3033,1,0.33350828859327053
claim_003_034,13.530385936897936,1.3468212382621383,clu_003,Cashflow,#af7ac5,gender,gpt_oss,demo,17,Synthetic claim 34 in cluster 3,3034,0,0.03701275912318823
claim_003_035,13.439834135560364,-0.13114868776163977,clu_003,Cashflow,#af7ac5,gender,gpt_oss,demo,17,Synthetic claim 35 in cluster 3,3035,1,0.43611702041275247
claim_003_036,12.525609806059567,-0.2193778510897554,clu_003,Cashflow,#af7ac5,gender,gpt_oss,demo,17,Synthetic claim 36 in cluster 3,3036,0,0.2667570681946994
claim_003_037,12.38190489482407,0.08075623954398559,clu_003,Cashflow,#af7ac5,gender,gpt_oss,demo,17,Synthetic claim 37 in cluster 3,3037,1,0.17735799232714256
claim_003_038,13.012445823409276,0.1592553235317024,clu_003,Cashflow,#af7ac5,gender,gpt_oss,demo,17,Synthetic claim 38 in cluster 3,3038,0,0.40717562699895393
claim_003_039,13.212973881128297,-0.14379719871843405,clu_003,Cashflow,#af7ac5,gender,gpt_oss,demo,17,Synthetic claim 39 in cluster 3,3039,1,0.011667421315321775
claim_003_040,13.322664960468693,0.30526882170842745,clu_003,Cashflow,#af7ac5,gender,gpt_oss,demo,17,Synthetic claim 40 in cluster 3,3040,0,0.2785759748686371
claim_003_041,12.588622607007721,0.550822951557876,clu_003,Cashflow,#af7ac5,gender,gpt_oss,demo,17,Synthetic claim 41 in cluster 3,3041,1,0.10734264763691782
claim_003_042,13.198579285676002,-0.728683878943068,clu_003,Cashflow,#af7ac5,gender,gpt_oss,demo,17,Synthetic claim 42 in cluster 3,3042,0,0.40589675306193035
claim_003_043,11.419841298998286,0.20692974244149104,clu_003,Cashflow,#af7ac5,gender,gpt_oss,demo,17,Synthetic claim 43 in cluster 3,3043,1,0.4262864308578852
claim_003_044,13.307492119091068,-0.37579523799658004,clu_003,Cashflow,#af7ac5,gender,gpt_oss,demo,17,Synthetic claim 44 in cluster 3,3044,0,0.060351722650032656
claim_004_000,-0.002771086089229491,2.7493386849639543,clu_004,Everyday spending,#58b368,age,qwen,demo,101,Synthetic claim 0 in cluster 4,4000,0,0.3352704139435943
claim_004_001,0.517021199875953,2.462882379289169,clu_004,Everyday spending,#58b368,age,qwen,demo,101,Synthetic claim 1 in cluster 4,4001,1,0.44381555950058904
claim_004_002,-0.3431561096808117,2.570459862961244,clu_004,Everyday spending,#58b368,age,qwen,demo,101,Synthetic claim 2 in cluster 4,4002,0,0.3935978093274971
claim_004_003,-0.20395757453433638,1.6631320124471056,clu_004,Everyday spending,#58b368,age,qwen,demo,101,Synthetic claim 3 in cluster 4,4003,1,0.23359152410182857
claim_004_004,-0.6770371625433682,1.8597573197018167,clu_004,Everyday spending,#58b368,age,qwen,demo,101,Synthetic claim 4 in cluster 4,4004,0,0.25351909207934814
claim_004_005,0.13094524146451583,1.3814496566779297,clu_004,Everyday spending,#58b368,age,qwen,demo,101,Synthetic claim 5 in cluster 4,4005,1,0.10493061264481195
claim_004_006,0.26606536482605914,0.9476059739373808,clu_004,Everyday spending,#58b368,age,qwen,demo,101,Synthetic claim 6 in cluster 4,4006,0,0.1904052799565893
claim_004_007,-0.02403097362979756,1.790641864552903,clu_004,Everyday spending,#58b368,age,qwen,demo,101,Synthetic claim 7 in cluster 4,4007,1,0.39969991240106795
claim_004_008,0.7572114366423242,1.9798022112251876,clu_004,Everyday spending,#58b368,age,qwen,demo,101,Synthetic claim 8 in cluster 4,4008,0,0.2360965702634807
claim_004_009,0.9100997848233243,2.687148138985418,clu_004,Everyday spending,#58b368,age,qwen,demo,101,Synthetic claim 9 in cluster 4,4009,1,0.1457700537237543
claim_004_010,1.0541352353384381,1.2757117666684863,clu_004,Everyday spending,#58b368,age,qwen,demo,101,Synthetic claim 10 in cluster 4,4010,0,0.386374446544893
claim_004_011,0.4273583235275559,1.6572414122629078,clu_004,Everyday spending,#58b368,age,qwen,demo,101,Synthetic claim 11 in cluster 4,4011,1,0.06965678865141627
claim_004_012,0.23416188558297812,2.572329510403044,clu_004,Everyday spending,#58b368,age,qwen,demo,101,Synthetic claim 12 in cluster 4,4012,0,0.1955955050907316
claim_004_013,0.3254161595848259,1.8506217368967275,clu_004,Everyday spending,#58b368,age,qwen,demo,101,Synthetic claim 13 in cluster 4,4013,1,0.3074657156265647
claim_004_014,0.4589795820177674,1.5027101036275516,clu_004,Everyday spending,#58b368,age,qwen,demo,101,Synthetic claim 14 in cluster 4,4014,0,0.023638874281552338
claim_004_015,-0.31265164139102475,1.8568444094546115,clu_004,Everyday spending,#58b368,age,qwen,demo,101,Synthetic claim 15 in cluster 4,4015,1,0.024106395901175894
claim_004_016,-0.02401047280712898,1.2603455633739964,clu_004,Everyday spending,#58b368,age,qwen,demo,101,Synthetic claim 16 in cluster 4,4016,0,0.04847323193799177
claim_004_017,0.14149795663421266,2.1816184923858715,clu_004,Everyday spending,#58b368,age,qwen,demo,101,Synthetic claim 17 in cluster 4,4017,1,0.20189623351806635
claim_004_018,0.006090394840971319,1.8766750817506015,clu_004,Everyday spending,#58b368,age,qwen,demo,101,Synthetic claim 18 in cluster 4,4018,0,0.44141869957966695
claim_004_019,-0.5336255165442627,2.368582214872213,clu_004,Everyday spending,#58b368,age,qwen,demo,101,Synthetic claim 19 in cluster 4,4019,1,0.19073834059359215
claim_004_020,0.526976043922528,1.735548023518898,clu_004,Everyday spending,#58b368,age,qwen,demo,101,Synthetic claim 20 in cluster 4,4020,0,0.05454628859892389
claim_004_021,0.6409899738093653,1.8349502137996478,clu_004,Everyday spending,#58b368,age,qwen,demo,101,Synthetic claim 21 in cluster 4,4021,1,0.009582743012321343
claim_004_022,0.5225990640476186,1.2640661494253478,clu_004,Everyday spending,#58b368,age,qwen,demo,101,Synthetic claim 22 in cluster 4,4022,0,0.08184000993986382
claim_004_023,0.024487365511102255,2.233227785160132,clu_004,Everyday spending,#58b368,age,qwen,demo,101,Synthetic claim 23 in cluster 4,4023,1,0.14755912309480537
claim_004_024,0.5681288363485297,1.9034984280060325,clu_004,Everyday spending,#58b368,age,qwen,demo,101,Synthetic claim 24 in cluster 4,4024,0,0.4339612583978891
claim_004_025,0.1648783787535928,1.9733345424614135,clu_004,Everyday spending,#58b368,age,qwen,demo,101,Synthetic claim 25 in cluster 4,4025,1,0.25602484852196966
claim_004_026,-0.4738213667069418,1.9940915904404666,clu_004,Everyday spending,#58b368,age,qwen,demo,101,Synthetic claim 26 in cluster 4,4026,0,0.3509929485235665
claim_004_027,0.3023347832761412,2.917265248542069,clu_004,Everyday spending,#58b368,age,qwen,demo,101,Synthetic claim 27 in cluster 4,4027,1,0.100067224489465
claim_004_028,0.35596600357465435,1.4577664562020751,clu_004,Everyday spending,#58b368,age,qwen,demo,101,Synthetic claim 28 in cluster 4,4028,0,0.0637849176214228
claim_004_029,0.16670928480358388,2.2028098900242292,clu_004,Everyday spending,#58b368,age,qwen,demo,101,Synthetic claim 29 in cluster 4,4029,1,0.3538440984247338
claim_004_030,0.33872697377365274,1.586865859692037,clu_004,Everyday spending,#58b368,age,qwen,demo,101,Synthetic claim 30 in cluster 4,4030,0,0.43405008942257106
claim_004_031,0.7138953093130667,1.523767123093169,clu_004,Everyday spending,#58b368,age,qwen,demo,101,Synthetic claim 31 in cluster 4,4031,1,0.4400308700336606
claim_004_032,-0.2234352005775591,2.0652687953170967,clu_004,Everyday spending,#58b368,age,qwen,demo,101,Synthetic claim 32 in cluster 4,4032,0,0.3601027490286416
claim_004_033,0.23167386772922696,2.3121030236487465,clu_004,Everyday spending,#58b368,age,qwen,demo,101,Synthetic claim 33 in cluster 4,4033,1,0.13639568080513229
claim_004_034,0.7509797726004717,1.3811516839038895,clu_004,Everyday spending,#58b368,age,qwen,demo,101,Synthetic claim 34 in cluster 4,4034,0,0.2758445886765542
claim_004_035,0.41095156550810796,1.6696412173033082,clu_004,Everyday spending,#58b368,age,qwen,demo,101,Synthetic claim 35 in cluster 4,4035,1,0.2067869345625362
claim_004_036,-0.4595400363487577,1.719646988554465,clu_004,Everyday spending,#58b368,age,qwen,demo,101,Synthetic claim 36 in cluster 4,4036,0,0.3501036980420964
claim_004_037,-0.6723155623509445,1.4120746330590779,clu_004,Everyday spending,#58b368,age,qwen,demo,101,Synthetic claim 37 in cluster 4,4037,1,0.2099548759516838
claim_004_038,0.46388546854304963,1.2664199447106055,clu_004,Everyday spending,#58b368,age,qwen,demo,101,Synthetic claim 38 in cluster 4,4038,0,0.050259805405104434
claim_004_039,0.304120665313222,2.3192758374693474,clu_004,Everyday spending,#58b368,age,qwen,demo,101,Synthetic claim 39 in cluster 4,4039,1,0.4348457092206111
claim_004_040,0.4569725015007837,2.229359116481678,clu_004,Everyday spending,#58b368,age,qwen,demo,101,Synthetic claim 40 in cluster 4,4040,0,0.35570646412674517
claim_004_041,0.11925473647793113,1.7785774656884692,clu_004,Everyday spending,#58b368,age,qwen,demo,101,Synthetic claim 41 in cluster 4,4041,1,0.30885128801411027
claim_004_042,0.2917104302262612,2.3980268029235425,clu_004,Everyday spending,#58b368,age,qwen,demo,101,Synthetic claim 42 in cluster 4,4042,0,0.1797469204496323
claim_004_043,-0.4312182176717623,1.9424692096985923,clu_004,Everyday spending,#58b368,age,qwen,demo,101,Synthetic claim 43 in cluster 4,4043,1,0.4177350035317396
claim_004_044,0.2848200831297288,1.2261225968022442,clu_004,Everyday spending,#58b368,age,qwen,demo,101,Synthetic claim 44 in cluster 4,4044,0,0.4484195066931083
claim_004_045,-0.1619707508472662,2.525778252356695,clu_004,Everyday spending,#58b368,age,qwen,demo,101,Synthetic claim 45 in cluster 4,4045,1,0.0831040987928834
claim_004_046,-0.3864510479011574,2.2989941610935025,clu_004,Everyday spending,#58b368,age,qwen,demo,101,Synthetic claim 46 in cluster 4,4046,0,0.15877338408793895
claim_004_047,0.7341195115007766,1.7490481929642305,clu_004,Everyday spending,#58b368,age,qwen,demo,101,Synthetic claim 47 in cluster 4,4047,1,0.07281577980159266
claim_004_048,-0.6913779561752416,1.9719166943451407,clu_004,Everyday spending,#58b368,age,qwen,demo,101,Synthetic claim 48 in cluster 4,4048,0,0.37091248371380564
claim_005_000,4.0607891175652595,2.3985142128103574,clu_005,Mobility,#f39c35,rosbank,gpt_oss,demo,947,Synthetic claim 0 in cluster 5,5000,0,0.11466867015562626
claim_005_001,5.526441989470148,1.4827346842062015,clu_005,Mobility,#f39c35,rosbank,gpt_oss,demo,947,Synthetic claim 1 in cluster 5,5001,1,0.025288015598934444
claim_005_002,4.8532070177879225,1.499674990960244,clu_005,Mobility,#f39c35,rosbank,gpt_oss,demo,947,Synthetic claim 2 in cluster 5,5002,0,0.013647113040638975
claim_005_003,4.44431611503094,1.8217547784621395,clu_005,Mobility,#f39c35,rosbank,gpt_oss,demo,947,Synthetic claim 3 in cluster 5,5003,1,0.14334215477763224
claim_005_004,5.285342564639329,2.154018746571144,clu_005,Mobility,#f39c35,rosbank,gpt_oss,demo,947,Synthetic claim 4 in cluster 5,5004,0,0.44303945048598836
claim_005_005,5.163920816161562,2.0721068780357514,clu_005,Mobility,#f39c35,rosbank,gpt_oss,demo,947,Synthetic claim 5 in cluster 5,5005,1,0.2852880128559866
claim_005_006,5.454130615387584,1.6078675562976976,clu_005,Mobility,#f39c35,rosbank,gpt_oss,demo,947,Synthetic claim 6 in cluster 5,5006,0,0.2644737056084269
claim_005_007,4.547755598719958,1.2477768211486249,clu_005,Mobility,#f39c35,rosbank,gpt_oss,demo,947,Synthetic claim 7 in cluster 5,5007,1,0.07730924088688541
claim_005_008,4.85971937316816,1.6927271429309492,clu_005,Mobility,#f39c35,rosbank,gpt_oss,demo,947,Synthetic claim 8 in cluster 5,5008,0,0.3736693059741595
claim_005_009,4.372560192622143,1.4630372348332223,clu_005,Mobility,#f39c35,rosbank,gpt_oss,demo,947,Synthetic claim 9 in cluster 5,5009,1,0.2732999334076534
claim_005_010,5.278476836643078,2.172548110432759,clu_005,Mobility,#f39c35,rosbank,gpt_oss,demo,947,Synthetic claim 10 in cluster 5,5010,0,0.41329690754106757
claim_005_011,6.168702581874075,1.3770942962344874,clu_005,Mobility,#f39c35,rosbank,gpt_oss,demo,947,Synthetic claim 11 in cluster 5,5011,1,0.11200693919784337
claim_005_012,4.7530378958969095,1.0887473975745743,clu_005,Mobility,#f39c35,rosbank,gpt_oss,demo,947,Synthetic claim 12 in cluster 5,5012,0,0.36257336128766365
claim_005_013,4.876128824402237,1.012302490620198,clu_005,Mobility,#f39c35,rosbank,gpt_oss,demo,947,Synthetic claim 13 in cluster 5,5013,1,0.2945348432578294
claim_005_014,5.46911299540111,1.3901426868802789,clu_005,Mobility,#f39c35,rosbank,gpt_oss,demo,947,Synthetic claim 14 in cluster 5,5014,0,0.42311769353202067
claim_005_015,4.508140392461356,1.3877964364902091,clu_005,Mobility,#f39c35,rosbank,gpt_oss,demo,947,Synthetic claim 15 in cluster 5,5015,1,0.3868328372321337
claim_005_016,4.783072505596934,1.1883026330354594,clu_005,Mobility,#f39c35,rosbank,gpt_oss,demo,947,Synthetic claim 16 in cluster 5,5016,0,0.3966685451511842
claim_005_017,5.522774866016134,1.9383316421633519,clu_005,Mobility,#f39c35,rosbank,gpt_oss,demo,947,Synthetic claim 17 in cluster 5,5017,1,0.28629813711243474
claim_005_018,5.51201664750296,1.8870383043907948,clu_005,Mobility,#f39c35,rosbank,gpt_oss,demo,947,Synthetic claim 18 in cluster 5,5018,0,0.3553063988047523
claim_005_019,5.1264803364039215,1.8868965704312164,clu_005,Mobility,#f39c35,rosbank,gpt_oss,demo,947,Synthetic claim 19 in cluster 5,5019,1,0.14445252997240116
claim_005_020,5.2311494003175945,1.2734429355618506,clu_005,Mobility,#f39c35,rosbank,gpt_oss,demo,947,Synthetic claim 20 in cluster 5,5020,0,0.15194095554393497
claim_006_000,9.098917601712825,2.0128449105295134,clu_006,Digital services,#4f86c6,gender,qwen,demo,17,Synthetic claim 0 in cluster 6,6000,0,0.15551476620878793
claim_006_001,8.315194535671486,2.130128127528738,clu_006,Digital services,#4f86c6,gender,qwen,demo,17,Synthetic claim 1 in cluster 6,6001,1,0.1844357811507947
claim_006_002,8.002359072021918,2.1696434375871916,clu_006,Digital services,#4f86c6,gender,qwen,demo,17,Synthetic claim 2 in cluster 6,6002,0,0.18416595561300825
claim_006_003,8.54651690523552,1.6946210909012556,clu_006,Digital services,#4f86c6,gender,qwen,demo,17,Synthetic claim 3 in cluster 6,6003,1,0.4464206420262107
claim_006_004,8.905162878350046,1.7049117915990304,clu_006,Digital services,#4f86c6,gender,qwen,demo,17,Synthetic claim 4 in cluster 6,6004,0,0.036827487430392956
claim_006_005,8.683772353579363,1.731832864364107,clu_006,Digital services,#4f86c6,gender,qwen,demo,17,Synthetic claim 5 in cluster 6,6005,1,0.36571873592712917
claim_006_006,9.173495946394848,1.9105456898482625,clu_006,Digital services,#4f86c6,gender,qwen,demo,17,Synthetic claim 6 in cluster 6,6006,0,0.35014368623966174
claim_006_007,8.320853702618313,2.2451572853865502,clu_006,Digital services,#4f86c6,gender,qwen,demo,17,Synthetic claim 7 in cluster 6,6007,1,0.2952399127200349
claim_006_008,8.921936469325207,2.2122600531915997,clu_006,Digital services,#4f86c6,gender,qwen,demo,17,Synthetic claim 8 in cluster 6,6008,0,0.37476803029118694
claim_006_009,9.07925315054999,1.8099718660212154,clu_006,Digital services,#4f86c6,gender,qwen,demo,17,Synthetic claim 9 in cluster 6,6009,1,0.14803715152689464
claim_006_010,8.4164106449418,1.8009660241074668,clu_006,Digital services,#4f86c6,gender,qwen,demo,17,Synthetic claim 10 in cluster 6,6010,0,0.05844685495881435
claim_006_011,9.11872688912085,2.246643089099543,clu_006,Digital services,#4f86c6,gender,qwen,demo,17,Synthetic claim 11 in cluster 6,6011,1,0.04610889160802232
claim_006_012,8.41556358949457,2.4448676500809876,clu_006,Digital services,#4f86c6,gender,qwen,demo,17,Synthetic claim 12 in cluster 6,6012,0,0.3110553377722122
claim_006_013,8.797295635699964,1.4029607404613542,clu_006,Digital services,#4f86c6,gender,qwen,demo,17,Synthetic claim 13 in cluster 6,6013,1,0.3950481868531848
claim_006_014,8.813376904358103,1.6080021348371134,clu_006,Digital services,#4f86c6,gender,qwen,demo,17,Synthetic claim 14 in cluster 6,6014,0,0.3195310873399743
claim_006_015,8.784600769372739,2.377251726575418,clu_006,Digital services,#4f86c6,gender,qwen,demo,17,Synthetic claim 15 in cluster 6,6015,1,0.36660259069092777
claim_006_016,8.487325512050132,2.60568208475912,clu_006,Digital services,#4f86c6,gender,qwen,demo,17,Synthetic claim 16 in cluster 6,6016,0,0.03582184141544233
claim_006_017,8.724564809718162,1.1116093975170505,clu_006,Digital services,#4f86c6,gender,qwen,demo,17,Synthetic claim 17 in cluster 6,6017,1,0.2853069763054852
claim_006_018,9.16814123240453,3.1038232153183825,clu_006,Digital services,#4f86c6,gender,qwen,demo,17,Synthetic claim 18 in cluster 6,6018,0,0.4146140317309176
claim_006_019,9.088579737409006,1.9445284939093406,clu_006,Digital services,#4f86c6,gender,qwen,demo,17,Synthetic claim 19 in cluster 6,6019,1,0.3200143422254565
claim_006_020,8.246734937380397,1.6956207502889384,clu_006,Digital services,#4f86c6,gender,qwen,demo,17,Synthetic claim 20 in cluster 6,6020,0,0.3653963595943573
claim_006_021,9.079758847532899,2.0980882770303997,clu_006,Digital services,#4f86c6,gender,qwen,demo,17,Synthetic claim 21 in cluster 6,6021,1,0.15965463727958248
claim_006_022,8.493311042134128,2.5482638196263547,clu_006,Digital services,#4f86c6,gender,qwen,demo,17,Synthetic claim 22 in cluster 6,6022,0,0.09212459373205457
claim_006_023,9.496377810589372,1.6048179798057283,clu_006,Digital services,#4f86c6,gender,qwen,demo,17,Synthetic claim 23 in cluster 6,6023,1,0.2574770482332959
claim_006_024,8.487261295193369,1.605676524604272,clu_006,Digital services,#4f86c6,gender,qwen,demo,17,Synthetic claim 24 in cluster 6,6024,0,0.016841945925935197
claim_006_025,7.701053669954125,1.3608695988557122,clu_006,Digital services,#4f86c6,gender,qwen,demo,17,Synthetic claim 25 in cluster 6,6025,1,0.0717688678797105
claim_006_026,8.563459476298656,1.8609174131174706,clu_006,Digital services,#4f86c6,gender,qwen,demo,17,Synthetic claim 26 in cluster 6,6026,0,0.05043161196670301
claim_006_027,8.466478854704064,2.28528699690291,clu_006,Digital services,#4f86c6,gender,qwen,demo,17,Synthetic claim 27 in cluster 6,6027,1,0.36846256392725296
claim_006_028,8.017206956086252,1.8579119093994123,clu_006,Digital services,#4f86c6,gender,qwen,demo,17,Synthetic claim 28 in cluster 6,6028,0,0.3547945841284454
claim_006_029,8.495003380173161,2.0611287721419354,clu_006,Digital services,#4f86c6,gender,qwen,demo,17,Synthetic claim 29 in cluster 6,6029,1,0.2628205746584483
claim_006_030,8.165333227314466,1.5178873365807442,clu_006,Digital services,#4f86c6,gender,qwen,demo,17,Synthetic claim 30 in cluster 6,6030,0,0.17940328588178733
claim_007_000,12.911937062056822,2.080941146448538,clu_007,Cashflow,#af7ac5,age,gpt_oss,demo,101,Synthetic claim 0 in cluster 7,7000,0,0.3087584808294945
claim_007_001,13.729220617185781,2.892323061466385,clu_007,Cashflow,#af7ac5,age,gpt_oss,demo,101,Synthetic claim 1 in cluster 7,7001,1,0.035365875118437536
claim_007_002,14.129656943037823,3.1398450539012117,clu_007,Cashflow,#af7ac5,age,gpt_oss,demo,101,Synthetic claim 2 in cluster 7,7002,0,0.12142566511350074
claim_007_003,13.812047110565478,2.907818301575592,clu_007,Cashflow,#af7ac5,age,gpt_oss,demo,101,Synthetic claim 3 in cluster 7,7003,1,0.29490107114628084
claim_007_004,13.6544458528217,3.0232703825250042,clu_007,Cashflow,#af7ac5,age,gpt_oss,demo,101,Synthetic claim 4 in cluster 7,7004,0,0.28234822094018525
claim_007_005,12.505117039318431,2.2691813821264293,clu_007,Cashflow,#af7ac5,age,gpt_oss,demo,101,Synthetic claim 5 in cluster 7,7005,1,0.4054183745535598
claim_007_006,12.987349637878243,2.840598504923,clu_007,Cashflow,#af7ac5,age,gpt_oss,demo,101,Synthetic claim 6 in cluster 7,7006,0,0.09060479293407249
claim_007_007,12.98610473592192,2.5285179235938093,clu_007,Cashflow,#af7ac5,age,gpt_oss,demo,101,Synthetic claim 7 in cluster 7,7007,1,0.31629046658463217
claim_007_008,13.058959536425437,2.4407927255028055,clu_007,Cashflow,#af7ac5,age,gpt_oss,demo,101,Synthetic claim 8 in cluster 7,7008,0,0.4003343934043814
claim_007_009,13.871187668986156,3.7660095989207587,clu_007,Cashflow,#af7ac5,age,gpt_oss,demo,101,Synthetic claim 9 in cluster 7,7009,1,0.3364228648381582
claim_007_010,14.174324204461092,1.8871459490238034,clu_007,Cashflow,#af7ac5,age,gpt_oss,demo,101,Synthetic claim 10 in cluster 7,7010,0,0.048763647004655665
claim_007_011,14.013812101373967,3.169640928340063,clu_007,Cashflow,#af7ac5,age,gpt_oss,demo,101,Synthetic claim 11 in cluster 7,7011,1,0.44707300617986934
claim_007_012,12.696354677894025,3.449395549231803,clu_007,Cashflow,#af7ac5,age,gpt_oss,demo,101,Synthetic claim 12 in cluster 7,7012,0,0.12855426603611456
claim_007_013,13.797322184305015,2.724000567021053,clu_007,Cashflow,#af7ac5,age,gpt_oss,demo,101,Synthetic claim 13 in cluster 7,7013,1,0.008868529940987436
claim_007_014,13.405527803792566,2.4415073196208232,clu_007,Cashflow,#af7ac5,age,gpt_oss,demo,101,Synthetic claim 14 in cluster 7,7014,0,0.3932634238628673
claim_007_015,14.489902147019853,2.2488654951299134,clu_007,Cashflow,#af7ac5,age,gpt_oss,demo,101,Synthetic claim 15 in cluster 7,7015,1,0.20981172705766474
claim_007_016,12.689070577205149,2.356406287042521,clu_007,Cashflow,#af7ac5,age,gpt_oss,demo,101,Synthetic claim 16 in cluster 7,7016,0,0.2991904407665459
claim_007_017,13.476433300276367,2.9270211781045568,clu_007,Cashflow,#af7ac5,age,gpt_oss,demo,101,Synthetic claim 17 in cluster 7,7017,1,0.1765531990925632
claim_007_018,12.549964993456356,2.6323836080484795,clu_007,Cashflow,#af7ac5,age,gpt_oss,demo,101,Synthetic claim 18 in cluster 7,7018,0,0.14357511949859827
claim_007_019,13.143237470990185,2.905186214405717,clu_007,Cashflow,#af7ac5,age,gpt_oss,demo,101,Synthetic claim 19 in cluster 7,7019,1,0.059501252641631634
claim_007_020,13.933353768175502,2.7525246784957615,clu_007,Cashflow,#af7ac5,age,gpt_oss,demo,101,Synthetic claim 20 in cluster 7,7020,0,0.4224378105718655
claim_007_021,14.799400386884978,3.043075670366196,clu_007,Cashflow,#af7ac5,age,gpt_oss,demo,101,Synthetic claim 21 in cluster 7,7021,1,0.32892082007472295
claim_007_022,12.55816540344753,2.639195437129449,clu_007,Cashflow,#af7ac5,age,gpt_oss,demo,101,Synthetic claim 22 in cluster 7,7022,0,0.31231587538344985
claim_007_023,13.013373299464774,2.957122420918388,clu_007,Cashflow,#af7ac5,age,gpt_oss,demo,101,Synthetic claim 23 in cluster 7,7023,1,0.4350309131374376
claim_007_024,13.073283537857845,2.5914202730524267,clu_007,Cashflow,#af7ac5,age,gpt_oss,demo,101,Synthetic claim 24 in cluster 7,7024,0,0.4493653142953826
claim_007_025,13.735763487482654,2.1280742194990747,clu_007,Cashflow,#af7ac5,age,gpt_oss,demo,101,Synthetic claim 25 in cluster 7,7025,1,0.013665273134323502
claim_007_026,14.123546847977458,2.7538026573940986,clu_007,Cashflow,#af7ac5,age,gpt_oss,demo,101,Synthetic claim 26 in cluster 7,7026,0,0.38910235564471757
claim_007_027,13.3711081651174,2.806389205208194,clu_007,Cashflow,#af7ac5,age,gpt_oss,demo,101,Synthetic claim 27 in cluster 7,7027,1,0.1786523669580029
claim_007_028,13.12727302903189,2.6350634934231927,clu_007,Cashflow,#af7ac5,age,gpt_oss,demo,101,Synthetic claim 28 in cluster 7,7028,0,0.3761312202899366
claim_007_029,13.880465305748702,2.57236814579144,clu_007,Cashflow,#af7ac5,age,gpt_oss,demo,101,Synthetic claim 29 in cluster 7,7029,1,0.04223565677973651
claim_007_030,12.52656262698515,2.7485815077336055,clu_007,Cashflow,#af7ac5,age,gpt_oss,demo,101,Synthetic claim 30 in cluster 7,7030,0,0.1482049921373217
claim_007_031,13.184374091105807,2.380463598100277,clu_007,Cashflow,#af7ac5,age,gpt_oss,demo,101,Synthetic claim 31 in cluster 7,7031,1,0.21905064534976226
claim_007_032,13.789233338473755,3.220235632800146,clu_007,Cashflow,#af7ac5,age,gpt_oss,demo,101,Synthetic claim 32 in cluster 7,7032,0,0.02627738545576764
claim_007_033,14.213516118104778,2.5941079679067487,clu_007,Cashflow,#af7ac5,age,gpt_oss,demo,101,Synthetic claim 33 in cluster 7,7033,1,0.30151732976058476
claim_007_034,12.370928159415984,2.7043436150506057,clu_007,Cashflow,#af7ac5,age,gpt_oss,demo,101,Synthetic claim 34 in cluster 7,7034,0,0.0035082511645382676
claim_007_035,14.403324797488416,3.249199442470782,clu_007,Cashflow,#af7ac5,age,gpt_oss,demo,101,Synthetic claim 35 in cluster 7,7035,1,0.32840079601968397
claim_007_036,12.700617469414883,2.5895010755602788,clu_007,Cashflow,#af7ac5,age,gpt_oss,demo,101,Synthetic claim 36 in cluster 7,7036,0,0.0761522129001369
claim_007_037,12.533387709614283,2.533065741990418,clu_007,Cashflow,#af7ac5,age,gpt_oss,demo,101,Synthetic claim 37 in cluster 7,7037,1,0.2539972434019953
claim_007_038,13.194392384821628,2.3295209530097383,clu_007,Cashflow,#af7ac5,age,gpt_oss,demo,101,Synthetic claim 38 in cluster 7,7038,0,0.27756994312530675
claim_007_039,13.48031247166006,2.7003145072405967,clu_007,Cashflow,#af7ac5,age,gpt_oss,demo,101,Synthetic claim 39 in cluster 7,7039,1,0.02802448889086778
claim_007_040,13.714808128513047,2.5936395959279586,clu_007,Cashflow,#af7ac5,age,gpt_oss,demo,101,Synthetic claim 40 in cluster 7,7040,0,0.29878494433435693
claim_007_041,12.861804081352846,3.228223279913586,clu_007,Cashflow,#af7ac5,age,gpt_oss,demo,101,Synthetic claim 41 in cluster 7,7041,1,0.11033698972288836
claim_007_042,12.652258123893734,3.0340001957021876,clu_007,Cashflow,#af7ac5,age,gpt_oss,demo,101,Synthetic claim 42 in cluster 7,7042,0,0.025376541463288084
claim_007_043,13.49028436510512,2.5691235731166713,clu_007,Cashflow,#af7ac5,age,gpt_oss,demo,101,Synthetic claim 43 in cluster 7,7043,1,0.29492526189151963
claim_007_044,12.824365131344647,2.426587583117912,clu_007,Cashflow,#af7ac5,age,gpt_oss,demo,101,Synthetic claim 44 in cluster 7,7044,0,0.35758324332283403
claim_007_045,12.933289150681546,2.8857377723642488,clu_007,Cashflow,#af7ac5,age,gpt_oss,demo,101,Synthetic claim 45 in cluster 7,7045,1,0.33811626440542397
claim_008_000,-1.0204295708488742,3.6338267930235304,clu_008,Everyday spending,#58b368,rosbank,qwen,demo,947,Synthetic claim 0 in cluster 8,8000,0,0.10415439167198018
claim_008_001,0.5285759790535578,3.33981085140132,clu_008,Everyday spending,#58b368,rosbank,qwen,demo,947,Synthetic claim 1 in cluster 8,8001,1,0.3681792953089079
claim_008_002,0.08966007399278653,4.096536410749722,clu_008,Everyday spending,#58b368,rosbank,qwen,demo,947,Synthetic claim 2 in cluster 8,8002,0,0.3152154825878289
claim_008_003,-0.7140155333657283,4.160340461345998,clu_008,Everyday spending,#58b368,rosbank,qwen,demo,947,Synthetic claim 3 in cluster 8,8003,1,0.2510427337024662
claim_008_004,0.13266117160236934,3.2265481331805486,clu_008,Everyday spending,#58b368,rosbank,qwen,demo,947,Synthetic claim 4 in cluster 8,8004,0,0.130788184134329
claim_008_005,-1.0619209240394338,3.730682651709952,clu_008,Everyday spending,#58b368,rosbank,qwen,demo,947,Synthetic claim 5 in cluster 8,8005,1,0.16867867438278095
claim_008_006,-0.7811704599702591,3.023777005652648,clu_008,Everyday spending,#58b368,rosbank,qwen,demo,947,Synthetic claim 6 in cluster 8,8006,0,0.07713729844894315
claim_008_007,0.3584489684213487,3.6704341374722853,clu_008,Everyday spending,#58b368,rosbank,qwen,demo,947,Synthetic claim 7 in cluster 8,8007,1,0.22644232610345166
claim_008_008,0.10150602974837614,3.271186432273029,clu_008,Everyday spending,#58b368,rosbank,qwen,demo,947,Synthetic claim 8 in cluster 8,8008,0,0.08924237872049098
claim_008_009,-1.0532401834263347,4.383965677639506,clu_008,Everyday spending,#58b368,rosbank,qwen,demo,947,Synthetic claim 9 in cluster 8,8009,1,0.36519502666688525
claim_008_010,-0.21114926166622255,2.5546208665945653,clu_008,Everyday spending,#58b368,rosbank,qwen,demo,947,Synthetic claim 10 in cluster 8,8010,0,0.0025372694895977213
claim_008_011,-0.3364541143073008,3.835499677021159,clu_008,Everyday spending,#58b368,rosbank,qwen,demo,947,Synthetic claim 11 in cluster 8,8011,1,0.19268415126988614
claim_008_012,0.6115483392637371,3.4622182576013643,clu_008,Everyday spending,#58b368,rosbank,qwen,demo,947,Synthetic claim 12 in cluster 8,8012,0,0.010920413292969444
claim_008_013,-0.6363824294601652,4.584074495073721,clu_008,Everyday spending,#58b368,rosbank,qwen,demo,947,Synthetic claim 13 in cluster 8,8013,1,0.23518815869000234
claim_008_014,-0.24560592810904353,3.956039304757668,clu_008,Everyday spending,#58b368,rosbank,qwen,demo,947,Synthetic claim 14 in cluster 8,8014,0,0.21182647178390426
claim_008_015,-0.28181465308061787,3.336777697317186,clu_008,Everyday spending,#58b368,rosbank,qwen,demo,947,Synthetic claim 15 in cluster 8,8015,1,0.29002637910680135
claim_008_016,-0.25236368105394574,3.8188206295709928,clu_008,Everyday spending,#58b368,rosbank,qwen,demo,947,Synthetic claim 16 in cluster 8,8016,0,0.17395155885935126
claim_008_017,-0.8913515115269424,3.581041735521586,clu_008,Everyday spending,#58b368,rosbank,qwen,demo,947,Synthetic claim 17 in cluster 8,8017,1,0.31498979995358506
claim_008_018,-0.5947326485104252,3.9498663028961323,clu_008,Everyday spending,#58b368,rosbank,qwen,demo,947,Synthetic claim 18 in cluster 8,8018,0,0.053854396538778306
claim_008_019,-1.5950527827811984,3.8108675679228154,clu_008,Everyday spending,#58b368,rosbank,qwen,demo,947,Synthetic claim 19 in cluster 8,8019,1,0.13171052406915754
claim_008_020,0.5606355233851681,3.902806244389943,clu_008,Everyday spending,#58b368,rosbank,qwen,demo,947,Synthetic claim 20 in cluster 8,8020,0,0.21058991246732217
claim_008_021,0.34371724103570295,3.162889243171333,clu_008,Everyday spending,#58b368,rosbank,qwen,demo,947,Synthetic claim 21 in cluster 8,8021,1,0.12329375261271212
claim_008_022,-0.67414739345162,3.801893583434818,clu_008,Everyday spending,#58b368,rosbank,qwen,demo,947,Synthetic claim 22 in cluster 8,8022,0,0.2558019035820115
claim_008_023,-0.8113542710428125,3.7588430723765307,clu_008,Everyday spending,#58b368,rosbank,qwen,demo,947,Synthetic claim 23 in cluster 8,8023,1,0.423702494376081
claim_008_024,-0.260439991444225,3.3144623483788833,clu_008,Everyday spending,#58b368,rosbank,qwen,demo,947,Synthetic claim 24 in cluster 8,8024,0,0.24962392904172134
claim_008_025,-0.40906066438414146,3.561745327958431,clu_008,Everyday spending,#58b368,rosbank,qwen,demo,947,Synthetic claim 25 in cluster 8,8025,1,0.4132707508434332
claim_008_026,0.1031475682028179,3.61697471794469,clu_008,Everyday spending,#58b368,rosbank,qwen,demo,947,Synthetic claim 26 in cluster 8,8026,0,0.4287985684907648
claim_008_027,0.251409501219868,4.856313971346559,clu_008,Everyday spending,#58b368,rosbank,qwen,demo,947,Synthetic claim 27 in cluster 8,8027,1,0.2428131704689361
claim_009_000,2.5810963024529965,5.057065276478038,clu_009,Mobility,#f39c35,gender,gpt_oss,demo,17,Synthetic claim 0 in cluster 9,9000,0,0.21995272732822846
claim_009_001,3.1744761365314518,4.481317186141898,clu_009,Mobility,#f39c35,gender,gpt_oss,demo,17,Synthetic claim 1 in cluster 9,9001,1,0.29034092120878624
claim_009_002,3.5516233166449305,5.540094542836992,clu_009,Mobility,#f39c35,gender,gpt_oss,demo,17,Synthetic claim 2 in cluster 9,9002,0,0.2715335666010864
claim_009_003,3.334251797006519,4.3449425460546856,clu_009,Mobility,#f39c35,gender,gpt_oss,demo,17,Synthetic claim 3 in cluster 9,9003,1,0.12811909829125465
claim_009_004,2.6338390004206422,5.43126163455877,clu_009,Mobility,#f39c35,gender,gpt_oss,demo,17,Synthetic claim 4 in cluster 9,9004,0,0.1973960859893326
claim_009_005,4.619640761788842,3.982634701911838,clu_009,Mobility,#f39c35,gender,gpt_oss,demo,17,Synthetic claim 5 in cluster 9,9005,1,0.3121534961970836
claim_009_006,3.1580299899745383,4.7733679582653075,clu_009,Mobility,#f39c35,gender,gpt_oss,demo,17,Synthetic claim 6 in cluster 9,9006,0,0.10036260315151994
claim_009_007,2.888756984510615,3.925137952644112,clu_009,Mobility,#f39c35,gender,gpt_oss,demo,17,Synthetic claim 7 in cluster 9,9007,1,0.4052187269211009
claim_009_008,3.720940869862919,4.767624950192066,clu_009,Mobility,#f39c35,gender,gpt_oss,demo,17,Synthetic claim 8 in cluster 9,9008,0,0.050037938404383565
claim_009_009,4.380457176103233,4.534262801950361,clu_009,Mobility,#f39c35,gender,gpt_oss,demo,17,Synthetic claim 9 in cluster 9,9009,1,0.022665237294728868
claim_009_010,3.8603351715283467,4.1774071919548454,clu_009,Mobility,#f39c35,gender,gpt_oss,demo,17,Synthetic claim 10 in cluster 9,9010,0,0.15577436100818104
claim_009_011,4.541776934460815,4.7607135054747,clu_009,Mobility,#f39c35,gender,gpt_oss,demo,17,Synthetic claim 11 in cluster 9,9011,1,0.36947140903354303
claim_009_012,3.290622391116321,4.66158437656347,clu_009,Mobility,#f39c35,gender,gpt_oss,demo,17,Synthetic claim 12 in cluster 9,9012,0,0.3465787985206444
claim_009_013,4.170729347349362,4.228440189605938,clu_009,Mobility,#f39c35,gender,gpt_oss,demo,17,Synthetic claim 13 in cluster 9,9013,1,0.37987032577802027
claim_009_014,3.5383577154925576,4.731548611873974,clu_009,Mobility,#f39c35,gender,gpt_oss,demo,17,Synthetic claim 14 in cluster 9,9014,0,0.17138377009369243
claim_009_015,3.473097999025802,4.194342432611577,clu_009,Mobility,#f39c35,gender,gpt_oss,demo,17,Synthetic claim 15 in cluster 9,9015,1,0.1873344349004564
claim_009_016,3.5633891925727386,5.059474092107634,clu_009,Mobility,#f39c35,gender,gpt_oss,demo,17,Synthetic claim 16 in cluster 9,9016,0,0.1182272577413166
claim_009_017,4.372494936028067,4.8942390468019585,clu_009,Mobility,#f39c35,gender,gpt_oss,demo,17,Synthetic claim 17 in cluster 9,9017,1,0.34690968168240915
claim_009_018,3.804448052031529,4.649151016457817,clu_009,Mobility,#f39c35,gender,gpt_oss,demo,17,Synthetic claim 18 in cluster 9,9018,0,0.3554425307626411
claim_009_019,3.2199803198853623,5.1404199804706305,clu_009,Mobility,#f39c35,gender,gpt_oss,demo,17,Synthetic claim 19 in cluster 9,9019,1,0.24638947930399682
claim_009_020,4.163757643999991,4.275653062986514,clu_009,Mobility,#f39c35,gender,gpt_oss,demo,17,Synthetic claim 20 in cluster 9,9020,0,0.13296140145758759
claim_009_021,3.9830067491818446,5.131780904885833,clu_009,Mobility,#f39c35,gender,gpt_oss,demo,17,Synthetic claim 21 in cluster 9,9021,1,0.07324906636384552
claim_009_022,3.10091502852798,4.080515541240486,clu_009,Mobility,#f39c35,gender,gpt_oss,demo,17,Synthetic claim 22 in cluster 9,9022,0,0.1078467963279203
claim_009_023,4.015393114579645,4.131677496979838,clu_009,Mobility,#f39c35,gender,gpt_oss,demo,17,Synthetic claim 23 in cluster 9,9023,1,0.0472587748127609
claim_009_024,3.553214915775192,3.847388571377018,clu_009,Mobility,#f39c35,gender,gpt_oss,demo,17,Synthetic claim 24 in cluster 9,9024,0,0.33583217226898
claim_009_025,3.8106253913885624,4.187227146625168,clu_009,Mobility,#f39c35,gender,gpt_oss,demo,17,Synthetic claim 25 in cluster 9,9025,1,0.23641264312638707
claim_009_026,3.8143689085404904,3.616527391827713,clu_009,Mobility,#f39c35,gender,gpt_oss,demo,17,Synthetic claim 26 in cluster 9,9026,0,0.4427183457509298
claim_009_027,3.0487335093014876,3.8821504221220704,clu_009,Mobility,#f39c35,gender,gpt_oss,demo,17,Synthetic claim 27 in cluster 9,9027,1,0.38162976972591783
claim_009_028,3.4897122820191013,4.235922241483824,clu_009,Mobility,#f39c35,gender,gpt_oss,demo,17,Synthetic claim 28 in cluster 9,9028,0,0.34444718321875023
claim_009_029,3.7909533811708185,3.7078485615654113,clu_009,Mobility,#f39c35,gender,gpt_oss,demo,17,Synthetic claim 29 in cluster 9,9029,1,0.43779358711869604
claim_009_030,3.3388905740003625,5.224850768201802,clu_009,Mobility,#f39c35,gender,gpt_oss,demo,17,Synthetic claim 30 in cluster 9,9030,0,0.3305850856313517
claim_009_031,3.948503816002522,5.104256103158919,clu_009,Mobility,#f39c35,gender,gpt_oss,demo,17,Synthetic claim 31 in cluster 9,9031,1,0.04005562689626742
claim_009_032,2.8893098094766203,4.79438314903639,clu_009,Mobility,#f39c35,gender,gpt_oss,demo,17,Synthetic claim 32 in cluster 9,9032,0,0.3101969783935281
claim_009_033,4.3336708986766554,4.913201633021061,clu_009,Mobility,#f39c35,gender,gpt_oss,demo,17,Synthetic claim 33 in cluster 9,9033,1,0.3579354297568687
claim_009_034,2.817134711753766,4.9555211369871275,clu_009,Mobility,#f39c35,gender,gpt_oss,demo,17,Synthetic claim 34 in cluster 9,9034,0,0.3668040068290803
claim_009_035,3.781729548892619,4.078164350799321,clu_009,Mobility,#f39c35,gender,gpt_oss,demo,17,Synthetic claim 35 in cluster 9,9035,1,0.010838840514509002
claim_009_036,2.7602964301371467,4.722640444681015,clu_009,Mobility,#f39c35,gender,gpt_oss,demo,17,Synthetic claim 36 in cluster 9,9036,0,0.09346184385331764
claim_009_037,3.142247114627819,4.282520275624445,clu_009,Mobility,#f39c35,gender,gpt_oss,demo,17,Synthetic claim 37 in cluster 9,9037,1,0.10733289587826299
claim_009_038,3.7036771615934967,4.601754180777881,clu_009,Mobility,#f39c35,gender,gpt_oss,demo,17,Synthetic claim 38 in cluster 9,9038,0,0.3278051311371854
claim_009_039,3.9066242603210295,4.645464125259693,clu_009,Mobility,#f39c35,gender,gpt_oss,demo,17,Synthetic claim 39 in cluster 9,9039,1,0.1295538454424965
claim_009_040,4.245425132730512,4.816459514532042,clu_009,Mobility,#f39c35,gender,gpt_oss,demo,17,Synthetic claim 40 in cluster 9,9040,0,0.2679525808711012
claim_009_041,3.2840214358552666,4.26074990940553,clu_009,Mobility,#f39c35,gender,gpt_oss,demo,17,Synthetic claim 41 in cluster 9,9041,1,0.20413891166906817
claim_009_042,3.1020661121959874,4.942499323508254,clu_009,Mobility,#f39c35,gender,gpt_oss,demo,17,Synthetic claim 42 in cluster 9,9042,0,0.04682885843606806
claim_009_043,3.623034797691592,5.471469670214554,clu_009,Mobility,#f39c35,gender,gpt_oss,demo,17,Synthetic claim 43 in cluster 9,9043,1,0.06138543700485188
claim_009_044,3.8190311771464103,5.40770379726187,clu_009,Mobility,#f39c35,gender,gpt_oss,demo,17,Synthetic claim 44 in cluster 9,9044,0,0.08221510085157584
claim_009_045,3.3311777340955993,4.516076869276001,clu_009,Mobility,#f39c35,gender,gpt_oss,demo,17,Synthetic claim 45 in cluster 9,9045,1,0.4421350683786753
claim_010_000,9.201406068030611,4.854165498474842,clu_010,Digital services,#4f86c6,age,qwen,demo,101,Synthetic claim 0 in cluster 10,10000,0,0.3320650069088305
claim_010_001,10.238965305047296,4.571951288948035,clu_010,Digital services,#4f86c6,age,qwen,demo,101,Synthetic claim 1 in cluster 10,10001,1,0.30553187956501937
claim_010_002,10.189745023451204,4.852670215073666,clu_010,Digital services,#4f86c6,age,qwen,demo,101,Synthetic claim 2 in cluster 10,10002,0,0.029977180642382396
claim_010_003,9.047035709088773,4.16533806839584,clu_010,Digital services,#4f86c6,age,qwen,demo,101,Synthetic claim 3 in cluster 10,10003,1,0.28731655921294863
claim_010_004,8.766870563866872,5.286746227197064,clu_010,Digital services,#4f86c6,age,qwen,demo,101,Synthetic claim 4 in cluster 10,10004,0,0.05342248391855444
claim_010_005,9.529725638053765,4.753395876089526,clu_010,Digital services,#4f86c6,age,qwen,demo,101,Synthetic claim 5 in cluster 10,10005,1,0.38432226986890755
claim_010_006,9.023322123201403,4.268961321637791,clu_010,Digital services,#4f86c6,age,qwen,demo,101,Synthetic claim 6 in cluster 10,10006,0,0.23519830258096355
claim_010_007,8.270997812777466,4.115564984312568,clu_010,Digital services,#4f86c6,age,qwen,demo,101,Synthetic claim 7 in cluster 10,10007,1,0.13025911468138063
claim_010_008,8.644753624208406,4.324473190989098,clu_010,Digital services,#4f86c6,age,qwen,demo,101,Synthetic claim 8 in cluster 10,10008,0,0.018590995969381303
claim_010_009,7.853864763043454,4.236126588614627,clu_010,Digital services,#4f86c6,age,qwen,demo,101,Synthetic claim 9 in cluster 10,10009,1,0.21105578187012322
claim_010_010,9.391901195916935,4.986636412345582,clu_010,Digital services,#4f86c6,age,qwen,demo,101,Synthetic claim 10 in cluster 10,10010,0,0.0026790616865507823
claim_010_011,8.33097904642329,4.330252471767722,clu_010,Digital services,#4f86c6,age,qwen,demo,101,Synthetic claim 11 in cluster 10,10011,1,0.30851629009745457
claim_010_012,9.265797410983053,5.0856441942045105,clu_010,Digital services,#4f86c6,age,qwen,demo,101,Synthetic claim 12 in cluster 10,10012,0,0.08276108721486285
claim_010_013,10.19560056007937,4.820659854329599,clu_010,Digital services,#4f86c6,age,qwen,demo,101,Synthetic claim 13 in cluster 10,10013,1,0.22325075286053958
claim_010_014,9.04377561892154,4.001034337372063,clu_010,Digital services,#4f86c6,age,qwen,demo,101,Synthetic claim 14 in cluster 10,10014,0,0.4472249480161187
claim_010_015,9.2980104132295,4.3070816808615,clu_010,Digital services,#4f86c6,age,qwen,demo,101,Synthetic claim 15 in cluster 10,10015,1,0.2027423395044925
claim_010_016,7.995047538310446,5.245887977351329,clu_010,Digital services,#4f86c6,age,qwen,demo,101,Synthetic claim 16 in cluster 10,10016,0,0.36851872884628795
claim_010_017,9.288807431432634,4.308155384552219,clu_010,Digital services,#4f86c6,age,qwen,demo,101,Synthetic claim 17 in cluster 10,10017,1,0.3518982450323828
claim_010_018,9.880038395183936,4.225165637972992,clu_010,Digital services,#4f86c6,age,qwen,demo,101,Synthetic claim 18 in cluster 10,10018,0,0.2515912658576105
claim_010_019,8.304110577144984,4.010991305354357,clu_010,Digital services,#4f86c6,age,qwen,demo,101,Synthetic claim 19 in cluster 10,10019,1,0.1395888962718296
claim_010_020,9.333988472758636,5.544444921511755,clu_010,Digital services,#4f86c6,age,qwen,demo,101,Synthetic claim 20 in cluster 10,10020,0,0.04633665400799036
claim_010_021,9.434355860480999,4.65590206321399,clu_010,Digital services,#4f86c6,age,qwen,demo,101,Synthetic claim 21 in cluster 10,10021,1,0.1509495197496666
claim_010_022,9.10072312980192,4.183774452916012,clu_010,Digital services,#4f86c6,age,qwen,demo,101,Synthetic claim 22 in cluster 10,10022,0,0.14318270130558952
claim_010_023,9.263500334887494,4.887865518930784,clu_010,Digital services,#4f86c6,age,qwen,demo,101,Synthetic claim 23 in cluster 10,10023,1,0.2455493254673946
claim_010_024,9.401782040774878,4.57409030704859,clu_010,Digital services,#4f86c6,age,qwen,demo,101,Synthetic claim 24 in cluster 10,10024,0,0.04909223890404107
claim_010_025,9.45966161567634,5.286466642072172,clu_010,Digital services,#4f86c6,age,qwen,demo,101,Synthetic claim 25 in cluster 10,10025,1,0.25975256001333935
claim_010_026,9.424457435291778,4.529651387365978,clu_010,Digital services,#4f86c6,age,qwen,demo,101,Synthetic claim 26 in cluster 10,10026,0,0.43763141667801403
claim_010_027,9.855192191584898,4.825047884050784,clu_010,Digital services,#4f86c6,age,qwen,demo,101,Synthetic claim 27 in cluster 10,10027,1,0.08824185620023971
claim_010_028,9.14893125407698,4.390581187345273,clu_010,Digital services,#4f86c6,age,qwen,demo,101,Synthetic claim 28 in cluster 10,10028,0,0.1875168959660382
claim_010_029,9.41656785632843,4.878833024934991,clu_010,Digital services,#4f86c6,age,qwen,demo,101,Synthetic claim 29 in cluster 10,10029,1,0.13257457611531612
claim_010_030,9.846449917700115,5.262328682897263,clu_010,Digital services,#4f86c6,age,qwen,demo,101,Synthetic claim 30 in cluster 10,10030,0,0.015290953594106977
claim_010_031,8.942915660094812,4.605424478760798,clu_010,Digital services,#4f86c6,age,qwen,demo,101,Synthetic claim 31 in cluster 10,10031,1,0.1914443921853298
claim_010_032,9.164312234320429,5.058435283370486,clu_010,Digital services,#4f86c6,age,qwen,demo,101,Synthetic claim 32 in cluster 10,10032,0,0.10726423692746817
claim_010_033,8.718866482839102,4.665420033410713,clu_010,Digital services,#4f86c6,age,qwen,demo,101,Synthetic claim 33 in cluster 10,10033,1,0.38090980870086405
claim_010_034,9.216048421606365,4.200545490845938,clu_010,Digital services,#4f86c6,age,qwen,demo,101,Synthetic claim 34 in cluster 10,10034,0,0.20111078708101435
claim_010_035,9.181164573885766,4.441570806892981,clu_010,Digital services,#4f86c6,age,qwen,demo,101,Synthetic claim 35 in cluster 10,10035,1,0.008719315962630975
claim_010_036,9.562561453141921,4.387934507924381,clu_010,Digital services,#4f86c6,age,qwen,demo,101,Synthetic claim 36 in cluster 10,10036,0,0.005729163553283479
claim_010_037,9.514153906451934,4.248563570328703,clu_010,Digital services,#4f86c6,age,qwen,demo,101,Synthetic claim 37 in cluster 10,10037,1,0.11371064245816685
claim_010_038,9.027989188739582,4.551236054760837,clu_010,Digital services,#4f86c6,age,qwen,demo,101,Synthetic claim 38 in cluster 10,10038,0,0.3038008494147805
claim_010_039,9.79868658529181,4.7356432873688785,clu_010,Digital services,#4f86c6,age,qwen,demo,101,Synthetic claim 39 in cluster 10,10039,1,0.14550455843400023
claim_010_040,8.71284316776229,4.946861149034672,clu_010,Digital services,#4f86c6,age,qwen,demo,101,Synthetic claim 40 in cluster 10,10040,0,0.3770514210239597
claim_010_041,8.976936631978056,5.27046844568287,clu_010,Digital services,#4f86c6,age,qwen,demo,101,Synthetic claim 41 in cluster 10,10041,1,0.3173570494877006
claim_010_042,10.02275824281838,5.294894334376865,clu_010,Digital services,#4f86c6,age,qwen,demo,101,Synthetic claim 42 in cluster 10,10042,0,0.10706503147309065
claim_011_000,14.001544868065542,4.587652313832182,clu_011,Cashflow,#af7ac5,rosbank,gpt_oss,demo,947,Synthetic claim 0 in cluster 11,11000,0,0.2250436386898391
claim_011_001,12.445747934909999,3.208670354515637,clu_011,Cashflow,#af7ac5,rosbank,gpt_oss,demo,947,Synthetic claim 1 in cluster 11,11001,1,0.37536130341857143
claim_011_002,12.318287317969604,3.4327321567501112,clu_011,Cashflow,#af7ac5,rosbank,gpt_oss,demo,947,Synthetic claim 2 in cluster 11,11002,0,0.4118760659789746
claim_011_003,12.490737937043766,3.545767646942513,clu_011,Cashflow,#af7ac5,rosbank,gpt_oss,demo,947,Synthetic claim 3 in cluster 11,11003,1,0.053360553528302095
claim_011_004,12.13441878600261,3.9015760197340046,clu_011,Cashflow,#af7ac5,rosbank,gpt_oss,demo,947,Synthetic claim 4 in cluster 11,11004,0,0.008838358214555465
claim_011_005,12.993361030712608,3.870679479397591,clu_011,Cashflow,#af7ac5,rosbank,gpt_oss,demo,947,Synthetic claim 5 in cluster 11,11005,1,0.4099709450058443
claim_011_006,12.579302657591231,3.7227653250087536,clu_011,Cashflow,#af7ac5,rosbank,gpt_oss,demo,947,Synthetic claim 6 in cluster 11,11006,0,0.06115000638145034
claim_011_007,13.419028628944801,3.1613237325510246,clu_011,Cashflow,#af7ac5,rosbank,gpt_oss,demo,947,Synthetic claim 7 in cluster 11,11007,1,0.21186072994493765
claim_011_008,14.021330715249976,3.6026736311700547,clu_011,Cashflow,#af7ac5,rosbank,gpt_oss,demo,947,Synthetic claim 8 in cluster 11,11008,0,0.12664023714832703
claim_011_009,12.780868385286325,3.649773080246428,clu_011,Cashflow,#af7ac5,rosbank,gpt_oss,demo,947,Synthetic claim 9 in cluster 11,11009,1,0.1697185134690834
claim_011_010,12.624853315850249,3.889099502685151,clu_011,Cashflow,#af7ac5,rosbank,gpt_oss,demo,947,Synthetic claim 10 in cluster 11,11010,0,0.04655495074372288
claim_011_011,13.296126173637077,4.084568695031665,clu_011,Cashflow,#af7ac5,rosbank,gpt_oss,demo,947,Synthetic claim 11 in cluster 11,11011,1,0.4416527573241755
claim_011_012,13.033880081282078,3.678719017019152,clu_011,Cashflow,#af7ac5,rosbank,gpt_oss,demo,947,Synthetic claim 12 in cluster 11,11012,0,0.08456798412118131
claim_011_013,13.23129728911078,3.6425413658535413,clu_011,Cashflow,#af7ac5,rosbank,gpt_oss,demo,947,Synthetic claim 13 in cluster 11,11013,1,0.3724881701252672
claim_011_014,12.490431764766385,3.0922717173492207,clu_011,Cashflow,#af7ac5,rosbank,gpt_oss,demo,947,Synthetic claim 14 in cluster 11,11014,0,0.30442080448522935
claim_011_015,12.111926192797412,3.665207532292533,clu_011,Cashflow,#af7ac5,rosbank,gpt_oss,demo,947,Synthetic claim 15 in cluster 11,11015,1,0.037124524877705005
claim_011_016,12.25537583878687,3.822439849802886,clu_011,Cashflow,#af7ac5,rosbank,gpt_oss,demo,947,Synthetic claim 16 in cluster 11,11016,0,0.13625736240743438
claim_011_017,13.731964877756756,3.2410050970685234,clu_011,Cashflow,#af7ac5,rosbank,gpt_oss,demo,947,Synthetic claim 17 in cluster 11,11017,1,0.1831421902692346
claim_011_018,12.667373011052753,3.2235372197146694,clu_011,Cashflow,#af7ac5,rosbank,gpt_oss,demo,947,Synthetic claim 18 in cluster 11,11018,0,0.14962196844834386
claim_011_019,13.55184424150189,4.393309902403466,clu_011,Cashflow,#af7ac5,rosbank,gpt_oss,demo,947,Synthetic claim 19 in cluster 11,11019,1,0.04501367353488954
claim_011_020,12.370301156643421,3.6417293592218107,clu_011,Cashflow,#af7ac5,rosbank,gpt_oss,demo,947,Synthetic claim 20 in cluster 11,11020,0,0.20685641145865793
claim_011_021,13.787616657515455,3.489344342046838,clu_011,Cashflow,#af7ac5,rosbank,gpt_oss,demo,947,Synthetic claim 21 in cluster 11,11021,1,0.052064946301038834
claim_011_022,12.778521093553136,3.212289197550435,clu_011,Cashflow,#af7ac5,rosbank,gpt_oss,demo,947,Synthetic claim 22 in cluster 11,11022,0,0.1181806427236962
claim_011_023,13.630056459659604,4.158553096410795,clu_011,Cashflow,#af7ac5,rosbank,gpt_oss,demo,947,Synthetic claim 23 in cluster 11,11023,1,0.40039678592907196
claim_011_024,13.280795019177148,3.84623067773988,clu_011,Cashflow,#af7ac5,rosbank,gpt_oss,demo,947,Synthetic claim 24 in cluster 11,11024,0,0.29341445910930436
claim_011_025,13.509809433885424,4.423199057884396,clu_011,Cashflow,#af7ac5,rosbank,gpt_oss,demo,947,Synthetic claim 25 in cluster 11,11025,1,0.20238413920277554
claim_011_026,13.789084509665416,4.013719440402014,clu_011,Cashflow,#af7ac5,rosbank,gpt_oss,demo,947,Synthetic claim 26 in cluster 11,11026,0,0.03147969034762681
claim_011_027,13.799316726578187,5.1416361704810525,clu_011,Cashflow,#af7ac5,rosbank,gpt_oss,demo,947,Synthetic claim 27 in cluster 11,11027,1,0.28387193033035724
claim_012_000,1.5061933710851065,5.7468958078978645,clu_012,Everyday spending,#58b368,gender,qwen,demo,17,Synthetic claim 0 in cluster 12,12000,0,0.4417288675926067
claim_012_001,0.08944491770643499,5.73734602129536,clu_012,Everyday spending,#58b368,gender,qwen,demo,17,Synthetic claim 1 in cluster 12,12001,1,0.2432038992969097
claim_012_002,-0.05140932601274381,5.73339378909365,clu_012,Everyday spending,#58b368,gender,qwen,demo,17,Synthetic claim 2 in cluster 12,12002,0,0.3724861448503306
claim_012_003,0.1775381578481635,5.201069626320783,clu_012,Everyday spending,#58b368,gender,qwen,demo,17,Synthetic claim 3 in cluster 12,12003,1,0.4382370347581132
claim_012_004,0.39742791294333957,5.176977394995228,clu_012,Everyday spending,#58b368,gender,qwen,demo,17,Synthetic claim 4 in cluster 12,12004,0,0.07022133171529968
claim_012_005,0.14996350708342057,6.0133202019461125,clu_012,Everyday spending,#58b368,gender,qwen,demo,17,Synthetic claim 5 in cluster 12,12005,1,0.2912933523488497
claim_012_006,0.4934320321501757,4.956821680438085,clu_012,Everyday spending,#58b368,gender,qwen,demo,17,Synthetic claim 6 in cluster 12,12006,0,0.3112638393287566
claim_012_007,1.0597415843906752,5.622659816573022,clu_012,Everyday spending,#58b368,gender,qwen,demo,17,Synthetic claim 7 in cluster 12,12007,1,0.1855636338712091
claim_012_008,-0.4755797757511542,5.391164795059252,clu_012,Everyday spending,#58b368,gender,qwen,demo,17,Synthetic claim 8 in cluster 12,12008,0,0.0958834220235681
claim_012_009,0.022780280214943285,5.756854465047013,clu_012,Everyday spending,#58b368,gender,qwen,demo,17,Synthetic claim 9 in cluster 12,12009,1,0.17874733593135345
claim_012_010,-0.33704231416209685,6.669588805588941,clu_012,Everyday spending,#58b368,gender,qwen,demo,17,Synthetic claim 10 in cluster 12,12010,0,0.11705151648124441
claim_012_011,0.1064000750638146,5.72702914543823,clu_012,Everyday spending,#58b368,gender,qwen,demo,17,Synthetic claim 11 in cluster 12,12011,1,0.0013019322659394762
claim_012_012,1.468663135718408,5.715521495409224,clu_012,Everyday spending,#58b368,gender,qwen,demo,17,Synthetic claim 12 in cluster 12,12012,0,0.4169491769358233
claim_012_013,0.27632492164735556,6.260973945322801,clu_012,Everyday spending,#58b368,gender,qwen,demo,17,Synthetic claim 13 in cluster 12,12013,1,0.1627636376081981
claim_012_014,0.16639864240513536,5.076236357527879,clu_012,Everyday spending,#58b368,gender,qwen,demo,17,Synthetic claim 14 in cluster 12,12014,0,0.3017833178982965
claim_012_015,-0.9303682868535943,5.615078050550059,clu_012,Everyday spending,#58b368,gender,qwen,demo,17,Synthetic claim 15 in cluster 12,12015,1,0.3254853376325428
claim_012_016,0.2503820676544714,5.199908782282645,clu_012,Everyday spending,#58b368,gender,qwen,demo,17,Synthetic claim 16 in cluster 12,12016,0,0.22134992433399597
claim_012_017,0.5788770819241724,5.169948627643708,clu_012,Everyday spending,#58b368,gender,qwen,demo,17,Synthetic claim 17 in cluster 12,12017,1,0.11031271034790595
claim_012_018,-0.4762286140960591,6.011652617471281,clu_012,Everyday spending,#58b368,gender,qwen,demo,17,Synthetic claim 18 in cluster 12,12018,0,0.350586648790423
claim_012_019,0.49451564497106804,5.588632752691428,clu_012,Everyday spending,#58b368,gender,qwen,demo,17,Synthetic claim 19 in cluster 12,12019,1,0.017666180232875202
claim_012_020,-0.2211929227824105,6.228705050728194,clu_012,Everyday spending,#58b368,gender,qwen,demo,17,Synthetic claim 20 in cluster 12,12020,0,0.4079037828736276
claim_012_021,0.06859616380411107,5.7165734031047695,clu_012,Everyday spending,#58b368,gender,qwen,demo,17,Synthetic claim 21 in cluster 12,12021,1,0.42200031844932245
claim_012_022,0.05074017818447869,5.36260386225329,clu_012,Everyday spending,#58b368,gender,qwen,demo,17,Synthetic claim 22 in cluster 12,12022,0,0.009123725278013611
claim_012_023,1.4348498027200098,4.736630429633361,clu_012,Everyday spending,#58b368,gender,qwen,demo,17,Synthetic claim 23 in cluster 12,12023,1,0.3146552785728758
claim_012_024,0.25530786373030623,5.104874838337798,clu_012,Everyday spending,#58b368,gender,qwen,demo,17,Synthetic claim 24 in cluster 12,12024,0,0.21841682316876965
claim_012_025,-0.24574076828352429,5.025989008787338,clu_012,Everyday spending,#58b368,gender,qwen,demo,17,Synthetic claim 25 in cluster 12,12025,1,0.18494104890122992
claim_012_026,0.27746015110082123,5.638229520555642,clu_012,Everyday spending,#58b368,gender,qwen,demo,17,Synthetic claim 26 in cluster 12,12026,0,0.21209305639684892
claim_012_027,-0.6311226393671551,6.310576877832679,clu_012,Everyday spending,#58b368,gender,qwen,demo,17,Synthetic claim 27 in cluster 12,12027,1,0.4372260549836959
claim_012_028,-0.27631648973417033,6.17536732375092,clu_012,Everyday spending,#58b368,gender,qwen,demo,17,Synthetic claim 28 in cluster 12,12028,0,0.3211723510414019
claim_012_029,0.08335505462871579,6.013556854258643,clu_012,Everyday spending,#58b368,gender,qwen,demo,17,Synthetic claim 29 in cluster 12,12029,1,0.3832369347559794
claim_012_030,0.4647337419714397,5.330133861575063,clu_012,Everyday spending,#58b368,gender,qwen,demo,17,Synthetic claim 30 in cluster 12,12030,0,0.38171723962530535
claim_012_031,-0.18717343928157607,5.685309184987502,clu_012,Everyday spending,#58b368,gender,qwen,demo,17,Synthetic claim 31 in cluster 12,12031,1,0.06341137801258763
claim_012_032,-0.0620005028608393,5.781666815575225,clu_012,Everyday spending,#58b368,gender,qwen,demo,17,Synthetic claim 32 in cluster 12,12032,0,0.18724482385917485
claim_012_033,-0.6883481260557813,5.40244347673741,clu_012,Everyday spending,#58b368,gender,qwen,demo,17,Synthetic claim 33 in cluster 12,12033,1,0.05922640914169868
claim_012_034,0.46114910848354573,5.476472920209089,clu_012,Everyday spending,#58b368,gender,qwen,demo,17,Synthetic claim 34 in cluster 12,12034,0,0.2833563882017344
claim_012_035,-0.4459623505459682,5.349061860258308,clu_012,Everyday spending,#58b368,gender,qwen,demo,17,Synthetic claim 35 in cluster 12,12035,1,0.24987488033901548
claim_013_000,3.830106838536843,6.051361926576756,clu_013,Mobility,#f39c35,age,gpt_oss,demo,101,Synthetic claim 0 in cluster 13,13000,0,0.242519930243639
claim_013_001,4.43175469762718,5.82349857497598,clu_013,Mobility,#f39c35,age,gpt_oss,demo,101,Synthetic claim 1 in cluster 13,13001,1,0.3389829174215813
claim_013_002,4.27768375236333,5.667779840332262,clu_013,Mobility,#f39c35,age,gpt_oss,demo,101,Synthetic claim 2 in cluster 13,13002,0,0.179330095382152
claim_013_003,3.572839168707395,5.953536630192376,clu_013,Mobility,#f39c35,age,gpt_oss,demo,101,Synthetic claim 3 in cluster 13,13003,1,0.17871927346873306
claim_013_004,4.539134677613079,5.810191510613806,clu_013,Mobility,#f39c35,age,gpt_oss,demo,101,Synthetic claim 4 in cluster 13,13004,0,0.40602643402304445
claim_013_005,4.531353074976185,6.332009792710384,clu_013,Mobility,#f39c35,age,gpt_oss,demo,101,Synthetic claim 5 in cluster 13,13005,1,0.3700601839407214
claim_013_006,4.240741202642811,5.42836257872037,clu_013,Mobility,#f39c35,age,gpt_oss,demo,101,Synthetic claim 6 in cluster 13,13006,0,0.03965070248337384
claim_013_007,4.316419143404694,5.462651126117365,clu_013,Mobility,#f39c35,age,gpt_oss,demo,101,Synthetic claim 7 in cluster 13,13007,1,0.2920434432209699
claim_013_008,2.9975079213400755,5.952337038987631,clu_013,Mobility,#f39c35,age,gpt_oss,demo,101,Synthetic claim 8 in cluster 13,13008,0,0.3714194736259245
claim_013_009,4.036860850439141,4.889817287936712,clu_013,Mobility,#f39c35,age,gpt_oss,demo,101,Synthetic claim 9 in cluster 13,13009,1,0.1590894814903223
claim_013_010,4.6214047677449726,5.969553436560241,clu_013,Mobility,#f39c35,age,gpt_oss,demo,101,Synthetic claim 10 in cluster 13,13010,0,0.37480816465594824
claim_013_011,3.2443626443570444,6.149377454147892,clu_013,Mobility,#f39c35,age,gpt_oss,demo,101,Synthetic claim 11 in cluster 13,13011,1,0.10689808335051232
claim_013_012,4.121374467012027,5.201870140180417,clu_013,Mobility,#f39c35,age,gpt_oss,demo,101,Synthetic claim 12 in cluster 13,13012,0,0.20584908031535332
claim_013_013,3.409493957425874,5.818891911652615,clu_013,Mobility,#f39c35,age,gpt_oss,demo,101,Synthetic claim 13 in cluster 13,13013,1,0.41078212140813847
claim_013_014,3.437909092382227,5.905587306965456,clu_013,Mobility,#f39c35,age,gpt_oss,demo,101,Synthetic claim 14 in cluster 13,13014,0,0.3176203853644655
claim_013_015,3.7344704304949135,5.29064277207068,clu_013,Mobility,#f39c35,age,gpt_oss,demo,101,Synthetic claim 15 in cluster 13,13015,1,0.2875558195031618
claim_013_016,3.654914360623764,5.865547010011082,clu_013,Mobility,#f39c35,age,gpt_oss,demo,101,Synthetic claim 16 in cluster 13,13016,0,0.22678208051368032
claim_013_017,3.6174400825180384,6.13689132416599,clu_013,Mobility,#f39c35,age,gpt_oss,demo,101,Synthetic claim 17 in cluster 13,13017,1,0.0809919891313492
claim_013_018,3.7116791084288288,5.776853325457849,clu_013,Mobility,#f39c35,age,gpt_oss,demo,101,Synthetic claim 18 in cluster 13,13018,0,0.025356608430186278
claim_013_019,3.6348417749813846,5.6191064366308145,clu_013,Mobility,#f39c35,age,gpt_oss,demo,101,Synthetic claim 19 in cluster 13,13019,1,0.3322667226665727
claim_013_020,3.480752555073999,5.2355382969003905,clu_013,Mobility,#f39c35,age,gpt_oss,demo,101,Synthetic claim 20 in cluster 13,13020,0,0.16527396256280266
claim_013_021,3.5374259471781424,5.842760377323902,clu_013,Mobility,#f39c35,age,gpt_oss,demo,101,Synthetic claim 21 in cluster 13,13021,1,0.12179807726567222
claim_013_022,3.680165158531443,5.691784811358679,clu_013,Mobility,#f39c35,age,gpt_oss,demo,101,Synthetic claim 22 in cluster 13,13022,0,0.11083738898643182
claim_013_023,3.827194245292755,6.782306545752838,clu_013,Mobility,#f39c35,age,gpt_oss,demo,101,Synthetic claim 23 in cluster 13,13023,1,0.024590735911760104
claim_013_024,3.9120287479175944,5.674476630366871,clu_013,Mobility,#f39c35,age,gpt_oss,demo,101,Synthetic claim 24 in cluster 13,13024,0,0.07867706907984928
claim_013_025,3.2794893399559455,5.494409347585979,clu_013,Mobility,#f39c35,age,gpt_oss,demo,101,Synthetic claim 25 in cluster 13,13025,1,0.051735487076160255
claim_013_026,4.550518693121762,5.858691468115859,clu_013,Mobility,#f39c35,age,gpt_oss,demo,101,Synthetic claim 26 in cluster 13,13026,0,0.3675219879981171
claim_013_027,3.6904792680087537,6.519055213242008,clu_013,Mobility,#f39c35,age,gpt_oss,demo,101,Synthetic claim 27 in cluster 13,13027,1,0.25330994617911906
claim_013_028,4.397439433341626,5.55773644255477,clu_013,Mobility,#f39c35,age,gpt_oss,demo,101,Synthetic claim 28 in cluster 13,13028,0,0.09962175340624166
claim_013_029,3.8599688092403897,6.011664846829093,clu_013,Mobility,#f39c35,age,gpt_oss,demo,101,Synthetic claim 29 in cluster 13,13029,1,0.20709113083426867
claim_013_030,3.041524073671562,5.741461853619349,clu_013,Mobility,#f39c35,age,gpt_oss,demo,101,Synthetic claim 30 in cluster 13,13030,0,0.15781283599378265
claim_013_031,2.972199475945584,5.702462290080521,clu_013,Mobility,#f39c35,age,gpt_oss,demo,101,Synthetic claim 31 in cluster 13,13031,1,0.29195849409966373
claim_013_032,3.1605906339632597,6.272828421538372,clu_013,Mobility,#f39c35,age,gpt_oss,demo,101,Synthetic claim 32 in cluster 13,13032,0,0.11736759122463876
claim_013_033,3.030768459311653,5.508012090285155,clu_013,Mobility,#f39c35,age,gpt_oss,demo,101,Synthetic claim 33 in cluster 13,13033,1,0.26163167626060774
claim_013_034,4.7339726815535075,5.718657181694337,clu_013,Mobility,#f39c35,age,gpt_oss,demo,101,Synthetic claim 34 in cluster 13,13034,0,0.15419227876046462
claim_013_035,4.542132054236086,6.000429668690765,clu_013,Mobility,#f39c35,age,gpt_oss,demo,101,Synthetic claim 35 in cluster 13,13035,1,0.33632379882881963
claim_013_036,3.502226409786802,5.104852906413745,clu_013,Mobility,#f39c35,age,gpt_oss,demo,101,Synthetic claim 36 in cluster 13,13036,0,0.1067080759652131
claim_013_037,3.515187235677329,5.8779383476321945,clu_013,Mobility,#f39c35,age,gpt_oss,demo,101,Synthetic claim 37 in cluster 13,13037,1,0.00526229158365727
claim_013_038,3.4310805372097657,6.19043967978405,clu_013,Mobility,#f39c35,age,gpt_oss,demo,101,Synthetic claim 38 in cluster 13,13038,0,0.30275388162231004
claim_013_039,4.028499094285524,5.758402005408038,clu_013,Mobility,#f39c35,age,gpt_oss,demo,101,Synthetic claim 39 in cluster 13,13039,1,0.2464620957706317
claim_013_040,4.82115845544842,5.952400506621259,clu_013,Mobility,#f39c35,age,gpt_oss,demo,101,Synthetic claim 40 in cluster 13,13040,0,0.24718201456447372
claim_013_041,5.296988194118375,6.672497953631735,clu_013,Mobility,#f39c35,age,gpt_oss,demo,101,Synthetic claim 41 in cluster 13,13041,1,0.39876360518314546
claim_013_042,4.309490865745875,6.068399725512475,clu_013,Mobility,#f39c35,age,gpt_oss,demo,101,Synthetic claim 42 in cluster 13,13042,0,0.2888471327295986
claim_013_043,3.324777845790547,5.942663640988843,clu_013,Mobility,#f39c35,age,gpt_oss,demo,101,Synthetic claim 43 in cluster 13,13043,1,0.2484828222925831
claim_013_044,4.6547832319765705,6.595458293358551,clu_013,Mobility,#f39c35,age,gpt_oss,demo,101,Synthetic claim 44 in cluster 13,13044,0,0.08074931260116658
claim_013_045,3.44042339952587,5.3656661825023075,clu_013,Mobility,#f39c35,age,gpt_oss,demo,101,Synthetic claim 45 in cluster 13,13045,1,0.09512192899349318
claim_013_046,3.846006164815366,5.420396488421342,clu_013,Mobility,#f39c35,age,gpt_oss,demo,101,Synthetic claim 46 in cluster 13,13046,0,0.4055655414141368
claim_013_047,4.349614376773889,6.021319213216488,clu_013,Mobility,#f39c35,age,gpt_oss,demo,101,Synthetic claim 47 in cluster 13,13047,1,0.14722034080439936
claim_013_048,2.5816213452936605,6.028675488589896,clu_013,Mobility,#f39c35,age,gpt_oss,demo,101,Synthetic claim 48 in cluster 13,13048,0,0.3772393382928553
claim_013_049,4.00095448114735,6.007535648093915,clu_013,Mobility,#f39c35,age,gpt_oss,demo,101,Synthetic claim 49 in cluster 13,13049,1,0.040250294283084846
claim_013_050,3.6862122663349743,5.5544876691418015,clu_013,Mobility,#f39c35,age,gpt_oss,demo,101,Synthetic claim 50 in cluster 13,13050,0,0.2653492233688447
claim_013_051,4.668508964470058,5.543126834672315,clu_013,Mobility,#f39c35,age,gpt_oss,demo,101,Synthetic claim 51 in cluster 13,13051,1,0.19137693300324166
claim_013_052,2.0983112730552236,6.155006526434609,clu_013,Mobility,#f39c35,age,gpt_oss,demo,101,Synthetic claim 52 in cluster 13,13052,0,0.41222717776719103
claim_013_053,3.4723912072944785,5.764348022368864,clu_013,Mobility,#f39c35,age,gpt_oss,demo,101,Synthetic claim 53 in cluster 13,13053,1,0.2556918283374649
claim_013_054,3.3620902382865205,5.568740302773154,clu_013,Mobility,#f39c35,age,gpt_oss,demo,101,Synthetic claim 54 in cluster 13,13054,0,0.07572543222997145
claim_013_055,4.3111720083379,6.33482993663035,clu_013,Mobility,#f39c35,age,gpt_oss,demo,101,Synthetic claim 55 in cluster 13,13055,1,0.17168737294770653
claim_014_000,8.805331165085443,6.684909868371755,clu_014,Digital services,#4f86c6,rosbank,qwen,demo,947,Synthetic claim 0 in cluster 14,14000,0,0.4072863175845693
claim_014_001,8.201508763049423,6.2566188818539406,clu_014,Digital services,#4f86c6,rosbank,qwen,demo,947,Synthetic claim 1 in cluster 14,14001,1,0.42374599438791344
claim_014_002,10.202132573908404,6.672270793834436,clu_014,Digital services,#4f86c6,rosbank,qwen,demo,947,Synthetic claim 2 in cluster 14,14002,0,0.08872703559598015
claim_014_003,9.305185921069404,6.731137756879327,clu_014,Digital services,#4f86c6,rosbank,qwen,demo,947,Synthetic claim 3 in cluster 14,14003,1,0.3139173806782142
claim_014_004,8.785651719537146,6.046802355429494,clu_014,Digital services,#4f86c6,rosbank,qwen,demo,947,Synthetic claim 4 in cluster 14,14004,0,0.18593413060992608
claim_014_005,9.65027885087285,6.509043972527083,clu_014,Digital services,#4f86c6,rosbank,qwen,demo,947,Synthetic claim 5 in cluster 14,14005,1,0.08435210299040136
claim_014_006,8.346710619488803,6.231732268464367,clu_014,Digital services,#4f86c6,rosbank,qwen,demo,947,Synthetic claim 6 in cluster 14,14006,0,0.19791193314531916
claim_014_007,9.053553477267087,6.228182671317409,clu_014,Digital services,#4f86c6,rosbank,qwen,demo,947,Synthetic claim 7 in cluster 14,14007,1,0.08877122757395096
claim_014_008,8.79365130002509,7.112370796490269,clu_014,Digital services,#4f86c6,rosbank,qwen,demo,947,Synthetic claim 8 in cluster 14,14008,0,0.1090727117791579
claim_014_009,9.189656911443798,7.150127557368468,clu_014,Digital services,#4f86c6,rosbank,qwen,demo,947,Synthetic claim 9 in cluster 14,14009,1,0.23380872849027376
claim_014_010,8.355956474409188,6.34289513349904,clu_014,Digital services,#4f86c6,rosbank,qwen,demo,947,Synthetic claim 10 in cluster 14,14010,0,0.3784444446207192
claim_014_011,9.244451646764261,6.510239739014988,clu_014,Digital services,#4f86c6,rosbank,qwen,demo,947,Synthetic claim 11 in cluster 14,14011,1,0.431377561388009
claim_014_012,8.488539767698908,7.214236886133391,clu_014,Digital services,#4f86c6,rosbank,qwen,demo,947,Synthetic claim 12 in cluster 14,14012,0,0.29683563789649153
claim_014_013,9.118511265888872,6.303042205312376,clu_014,Digital services,#4f86c6,rosbank,qwen,demo,947,Synthetic claim 13 in cluster 14,14013,1,0.07695320060898012
claim_014_014,9.182045956508349,6.242285410305935,clu_014,Digital services,#4f86c6,rosbank,qwen,demo,947,Synthetic claim 14 in cluster 14,14014,0,0.017036350610057982
claim_014_015,8.953069500578621,5.616400176218216,clu_014,Digital services,#4f86c6,rosbank,qwen,demo,947,Synthetic claim 15 in cluster 14,14015,1,0.4302226820582507
claim_014_016,7.960236331522649,6.922571413227386,clu_014,Digital services,#4f86c6,rosbank,qwen,demo,947,Synthetic claim 16 in cluster 14,14016,0,0.1224820236375608
claim_014_017,9.01211550160755,6.634632269131966,clu_014,Digital services,#4f86c6,rosbank,qwen,demo,947,Synthetic claim 17 in cluster 14,14017,1,0.27348345840950866
claim_014_018,7.64512830524008,5.652179358632595,clu_014,Digital services,#4f86c6,rosbank,qwen,demo,947,Synthetic claim 18 in cluster 14,14018,0,0.2280702833056045
claim_014_019,9.561116287261555,6.725956989825222,clu_014,Digital services,#4f86c6,rosbank,qwen,demo,947,Synthetic claim 19 in cluster 14,14019,1,0.2787580430339913
claim_014_020,8.980527545746705,6.81140292446455,clu_014,Digital services,#4f86c6,rosbank,qwen,demo,947,Synthetic claim 20 in cluster 14,14020,0,0.11639181580468602
claim_014_021,8.618552493651753,6.187794970725423,clu_014,Digital services,#4f86c6,rosbank,qwen,demo,947,Synthetic claim 21 in cluster 14,14021,1,0.04419727095134059
claim_014_022,8.237038279502478,6.168720208296721,clu_014,Digital services,#4f86c6,rosbank,qwen,demo,947,Synthetic claim 22 in cluster 14,14022,0,0.03512822076419714
claim_014_023,8.577264662112865,5.241795230505199,clu_014,Digital services,#4f86c6,rosbank,qwen,demo,947,Synthetic claim 23 in cluster 14,14023,1,0.07362898754961288
claim_014_024,8.804652241904485,5.781833482594562,clu_014,Digital services,#4f86c6,rosbank,qwen,demo,947,Synthetic claim 24 in cluster 14,14024,0,0.09820667682728225
claim_014_025,9.30730795658396,6.791000131273154,clu_014,Digital services,#4f86c6,rosbank,qwen,demo,947,Synthetic claim 25 in cluster 14,14025,1,0.3066276676402062
claim_014_026,9.267620986708446,6.301779164086447,clu_014,Digital services,#4f86c6,rosbank,qwen,demo,947,Synthetic claim 26 in cluster 14,14026,0,0.22558737422953568
claim_014_027,9.456305677838076,5.782332431494838,clu_014,Digital services,#4f86c6,rosbank,qwen,demo,947,Synthetic claim 27 in cluster 14,14027,1,0.43667141065938253
claim_014_028,10.723517741297922,5.903003114828059,clu_014,Digital services,#4f86c6,rosbank,qwen,demo,947,Synthetic claim 28 in cluster 14,14028,0,0.3985745422137377
claim_014_029,8.391018863203714,6.81120571561469,clu_014,Digital services,#4f86c6,rosbank,qwen,demo,947,Synthetic claim 29 in cluster 14,14029,1,0.021539237386877175
claim_014_030,8.59819976114253,6.436772731243807,clu_014,Digital services,#4f86c6,rosbank,qwen,demo,947,Synthetic claim 30 in cluster 14,14030,0,0.1791470357619884
claim_014_031,9.714236057682747,6.655171996627217,clu_014,Digital services,#4f86c6,rosbank,qwen,demo,947,Synthetic claim 31 in cluster 14,14031,1,0.2588840444490494
claim_014_032,9.17811201136282,6.948200264199866,clu_014,Digital services,#4f86c6,rosbank,qwen,demo,947,Synthetic claim 32 in cluster 14,14032,0,0.29630953972115176
claim_014_033,9.13594834962539,6.697689619259151,clu_014,Digital services,#4f86c6,rosbank,qwen,demo,947,Synthetic claim 33 in cluster 14,14033,1,0.36817245672176524
claim_014_034,9.102489977761675,6.038005330637571,clu_014,Digital services,#4f86c6,rosbank,qwen,demo,947,Synthetic claim 34 in cluster 14,14034,0,0.0675312421614503
claim_014_035,9.697284425966407,6.498420696276087,clu_014,Digital services,#4f86c6,rosbank,qwen,demo,947,Synthetic claim 35 in cluster 14,14035,1,0.10241833551757767
claim_014_036,8.803051908039066,6.976789785258017,clu_014,Digital services,#4f86c6,rosbank,qwen,demo,947,Synthetic claim 36 in cluster 14,14036,0,0.11156649293118964
claim_014_037,8.1565219204888,6.152206995801726,clu_014,Digital services,#4f86c6,rosbank,qwen,demo,947,Synthetic claim 37 in cluster 14,14037,1,0.1668624767948991
claim_014_038,9.54012366128076,6.559055281859183,clu_014,Digital services,#4f86c6,rosbank,qwen,demo,947,Synthetic claim 38 in cluster 14,14038,0,0.2245178422861067
claim_014_039,9.791569795852253,6.720821009808698,clu_014,Digital services,#4f86c6,rosbank,qwen,demo,947,Synthetic claim 39 in cluster 14,14039,1,0.008984223189974105
claim_014_040,9.432497023385974,6.390519353890925,clu_014,Digital services,#4f86c6,rosbank,qwen,demo,947,Synthetic claim 40 in cluster 14,14040,0,0.2588333244874264
claim_014_041,8.556861874720266,6.711088432934903,clu_014,Digital services,#4f86c6,rosbank,qwen,demo,947,Synthetic claim 41 in cluster 14,14041,1,0.01373482917430976
claim_014_042,8.677911971759496,6.863763991902436,clu_014,Digital services,#4f86c6,rosbank,qwen,demo,947,Synthetic claim 42 in cluster 14,14042,0,0.08487048895694244
claim_014_043,8.842292906569785,5.9474900716149195,clu_014,Digital services,#4f86c6,rosbank,qwen,demo,947,Synthetic claim 43 in cluster 14,14043,1,0.09503931872302904
claim_014_044,9.208381262984751,6.806097676960753,clu_014,Digital services,#4f86c6,rosbank,qwen,demo,947,Synthetic claim 44 in cluster 14,14044,0,0.050075549052662253
claim_014_045,9.178615799417033,6.825319310895186,clu_014,Digital services,#4f86c6,rosbank,qwen,demo,947,Synthetic claim 45 in cluster 14,14045,1,0.2867661846848074
claim_014_046,9.018682523517212,5.954084881480579,clu_014,Digital services,#4f86c6,rosbank,qwen,demo,947,Synthetic claim 46 in cluster 14,14046,0,0.32071460652934625
claim_014_047,9.448570221427845,6.1788527268876665,clu_014,Digital services,#4f86c6,rosbank,qwen,demo,947,Synthetic claim 47 in cluster 14,14047,1,0.28041376426079406
claim_014_048,9.6183320637525,6.010195548687705,clu_014,Digital services,#4f86c6,rosbank,qwen,demo,947,Synthetic claim 48 in cluster 14,14048,0,0.3574325008074456
claim_014_049,8.939642473130634,7.383703477248159,clu_014,Digital services,#4f86c6,rosbank,qwen,demo,947,Synthetic claim 49 in cluster 14,14049,1,0.15358075819757872
claim_014_050,9.962370907964438,6.60960259152392,clu_014,Digital services,#4f86c6,rosbank,qwen,demo,947,Synthetic claim 50 in cluster 14,14050,0,0.1884290060534957
claim_014_051,9.69158570259789,7.331700478314119,clu_014,Digital services,#4f86c6,rosbank,qwen,demo,947,Synthetic claim 51 in cluster 14,14051,1,0.01750999103429293
claim_014_052,8.78313353928512,6.962617523586543,clu_014,Digital services,#4f86c6,rosbank,qwen,demo,947,Synthetic claim 52 in cluster 14,14052,0,0.1572535082038868
claim_014_053,8.847162442906797,6.20151579704885,clu_014,Digital services,#4f86c6,rosbank,qwen,demo,947,Synthetic claim 53 in cluster 14,14053,1,0.2846335995393031
claim_014_054,8.86635487658287,6.179398480112009,clu_014,Digital services,#4f86c6,rosbank,qwen,demo,947,Synthetic claim 54 in cluster 14,14054,0,0.35177510239632814
claim_014_055,8.961411171321643,6.265696244082506,clu_014,Digital services,#4f86c6,rosbank,qwen,demo,947,Synthetic claim 55 in cluster 14,14055,1,0.03283955649926493
claim_014_056,8.118180671361126,7.100114211207602,clu_014,Digital services,#4f86c6,rosbank,qwen,demo,947,Synthetic claim 56 in cluster 14,14056,0,0.1437487174446079
claim_014_057,9.371645573131582,6.256405816742926,clu_014,Digital services,#4f86c6,rosbank,qwen,demo,947,Synthetic claim 57 in cluster 14,14057,1,0.04878260345520579
claim_015_000,11.627827346136618,6.118260109967681,clu_015,Cashflow,#af7ac5,gender,gpt_oss,demo,17,Synthetic claim 0 in cluster 15,15000,0,0.22312488609672096
claim_015_001,12.321239491783789,5.257540417677801,clu_015,Cashflow,#af7ac5,gender,gpt_oss,demo,17,Synthetic claim 1 in cluster 15,15001,1,0.3710303560465849
claim_015_002,11.743559184854822,6.057044884767623,clu_015,Cashflow,#af7ac5,gender,gpt_oss,demo,17,Synthetic claim 2 in cluster 15,15002,0,0.3755765147179432
claim_015_003,12.065552967182152,6.191942888374962,clu_015,Cashflow,#af7ac5,gender,gpt_oss,demo,17,Synthetic claim 3 in cluster 15,15003,1,0.3296378536635635
claim_015_004,12.23649811423981,6.533128553585371,clu_015,Cashflow,#af7ac5,gender,gpt_oss,demo,17,Synthetic claim 4 in cluster 15,15004,0,0.14322647036533295
claim_015_005,11.815964095840375,5.106103304461631,clu_015,Cashflow,#af7ac5,gender,gpt_oss,demo,17,Synthetic claim 5 in cluster 15,15005,1,0.20260239787701065
claim_015_006,12.30022514752056,5.4475300048002,clu_015,Cashflow,#af7ac5,gender,gpt_oss,demo,17,Synthetic claim 6 in cluster 15,15006,0,0.19056541562467103
claim_015_007,11.819893538517443,5.757243244964298,clu_015,Cashflow,#af7ac5,gender,gpt_oss,demo,17,Synthetic claim 7 in cluster 15,15007,1,0.1682333068324745
claim_015_008,12.208027248099715,5.825127798918138,clu_015,Cashflow,#af7ac5,gender,gpt_oss,demo,17,Synthetic claim 8 in cluster 15,15008,0,0.38113400641461603
claim_015_009,12.527753477944126,6.060031278419982,clu_015,Cashflow,#af7ac5,gender,gpt_oss,demo,17,Synthetic claim 9 in cluster 15,15009,1,0.3177699501174157
claim_015_010,12.127933182756944,5.785547712896303,clu_015,Cashflow,#af7ac5,gender,gpt_oss,demo,17,Synthetic claim 10 in cluster 15,15010,0,0.313721331293297
claim_015_011,12.678194688394552,6.146689118641067,clu_015,Cashflow,#af7ac5,gender,gpt_oss,demo,17,Synthetic claim 11 in cluster 15,15011,1,0.2648504973799324
claim_015_012,11.90029494590737,6.40915719218477,clu_015,Cashflow,#af7ac5,gender,gpt_oss,demo,17,Synthetic claim 12 in cluster 15,15012,0,0.20409441118708152
claim_015_013,12.959341770951768,6.3734549167095045,clu_015,Cashflow,#af7ac5,gender,gpt_oss,demo,17,Synthetic claim 13 in cluster 15,15013,1,0.0934996123842283
claim_015_014,12.85332931565087,6.044444698544637,clu_015,Cashflow,#af7ac5,gender,gpt_oss,demo,17,Synthetic claim 14 in cluster 15,15014,0,0.17514123121129538
claim_015_015,12.320514942404063,6.392743860149602,clu_015,Cashflow,#af7ac5,gender,gpt_oss,demo,17,Synthetic claim 15 in cluster 15,15015,1,0.06828634001713527
claim_015_016,12.070405789364639,6.272266420571282,clu_015,Cashflow,#af7ac5,gender,gpt_oss,demo,17,Synthetic claim 16 in cluster 15,15016,0,0.18810472305478748
claim_015_017,11.244305393082325,6.202260058033347,clu_015,Cashflow,#af7ac5,gender,gpt_oss,demo,17,Synthetic claim 17 in cluster 15,15017,1,0.3966923655534087
claim_015_018,11.858733845827214,5.921477960718179,clu_015,Cashflow,#af7ac5,gender,gpt_oss,demo,17,Synthetic claim 18 in cluster 15,15018,0,0.1279554925544108
claim_015_019,12.095453883582842,6.036465174872639,clu_015,Cashflow,#af7ac5,gender,gpt_oss,demo,17,Synthetic claim 19 in cluster 15,15019,1,0.008027799502729699
claim_015_020,12.093055881887878,5.821908336584817,clu_015,Cashflow,#af7ac5,gender,gpt_oss,demo,17,Synthetic claim 20 in cluster 15,15020,0,0.21880445535013274
claim_015_021,11.78807011249794,6.2308026363944675,clu_015,Cashflow,#af7ac5,gender,gpt_oss,demo,17,Synthetic claim 21 in cluster 15,15021,1,0.22256635106024947
claim_015_022,11.519116693417189,5.312114698570483,clu_015,Cashflow,#af7ac5,gender,gpt_oss,demo,17,Synthetic claim 22 in cluster 15,15022,0,0.18184695801028117
claim_015_023,12.388979429292586,6.355936766538079,clu_015,Cashflow,#af7ac5,gender,gpt_oss,demo,17,Synthetic claim 23 in cluster 15,15023,1,0.4177824934352965
claim_015_024,12.984856328415026,6.15857790524501,clu_015,Cashflow,#af7ac5,gender,gpt_oss,demo,17,Synthetic claim 24 in cluster 15,15024,0,0.310378516180232
claim_015_025,12.718070526664473,5.632482557130718,clu_015,Cashflow,#af7ac5,gender,gpt_oss,demo,17,Synthetic claim 25 in cluster 15,15025,1,0.026780678137416105
claim_015_026,12.612320989999965,6.1821617441927845,clu_015,Cashflow,#af7ac5,gender,gpt_oss,demo,17,Synthetic claim 26 in cluster 15,15026,0,0.24434017899257093
claim_015_027,12.549702346120203,6.248478956556975,clu_015,Cashflow,#af7ac5,gender,gpt_oss,demo,17,Synthetic claim 27 in cluster 15,15027,1,0.18242799310444255
claim_015_028,12.643787304060767,6.490913817707199,clu_015,Cashflow,#af7ac5,gender,gpt_oss,demo,17,Synthetic claim 28 in cluster 15,15028,0,0.15165236564637882
claim_015_029,12.65423956369531,6.638101752293822,clu_015,Cashflow,#af7ac5,gender,gpt_oss,demo,17,Synthetic claim 29 in cluster 15,15029,1,0.3686283521391146
claim_015_030,12.12433483933384,6.4032482888711915,clu_015,Cashflow,#af7ac5,gender,gpt_oss,demo,17,Synthetic claim 30 in cluster 15,15030,0,0.1287143411367236
claim_015_031,12.135000129031091,6.272211757788703,clu_015,Cashflow,#af7ac5,gender,gpt_oss,demo,17,Synthetic claim 31 in cluster 15,15031,1,0.3626236386933886
claim_015_032,11.621911878588355,5.854467883433395,clu_015,Cashflow,#af7ac5,gender,gpt_oss,demo,17,Synthetic claim 32 in cluster 15,15032,0,0.23706270122680032
claim_015_033,12.590265663297782,6.321176232749108,clu_015,Cashflow,#af7ac5,gender,gpt_oss,demo,17,Synthetic claim 33 in cluster 15,15033,1,0.09678969686634348
claim_015_034,12.588242056069038,5.957463554214103,clu_015,Cashflow,#af7ac5,gender,gpt_oss,demo,17,Synthetic claim 34 in cluster 15,15034,0,0.09564732728185038
claim_015_035,11.398028471555289,5.898461791702331,clu_015,Cashflow,#af7ac5,gender,gpt_oss,demo,17,Synthetic claim 35 in cluster 15,15035,1,0.2581243216324193
claim_015_036,12.197794457186152,6.489900057685204,clu_015,Cashflow,#af7ac5,gender,gpt_oss,demo,17,Synthetic claim 36 in cluster 15,15036,0,0.15867324404909966
claim_015_037,11.762210267650037,5.837141089894085,clu_015,Cashflow,#af7ac5,gender,gpt_oss,demo,17,Synthetic claim 37 in cluster 15,15037,1,0.20068623626335208
claim_015_038,12.163003740312462,6.120833157143913,clu_015,Cashflow,#af7ac5,gender,gpt_oss,demo,17,Synthetic claim 38 in cluster 15,15038,0,0.1648972264748188
claim_015_039,11.76627877286127,6.161445878410048,clu_015,Cashflow,#af7ac5,gender,gpt_oss,demo,17,Synthetic claim 39 in cluster 15,15039,1,0.37440077803059313
claim_015_040,12.959458529735125,6.017465709888638,clu_015,Cashflow,#af7ac5,gender,gpt_oss,demo,17,Synthetic claim 40 in cluster 15,15040,0,0.4438186803965499
claim_015_041,12.356396819359134,6.641917567756642,clu_015,Cashflow,#af7ac5,gender,gpt_oss,demo,17,Synthetic claim 41 in cluster 15,15041,1,0.258808347492635
claim_015_042,12.283277519633334,6.518784661423064,clu_015,Cashflow,#af7ac5,gender,gpt_oss,demo,17,Synthetic claim 42 in cluster 15,15042,0,0.2961228728716017
claim_015_043,11.817254300795225,6.027489608310162,clu_015,Cashflow,#af7ac5,gender,gpt_oss,demo,17,Synthetic claim 43 in cluster 15,15043,1,0.4199448270837273
claim_015_044,11.560281116413199,6.909706546460462,clu_015,Cashflow,#af7ac5,gender,gpt_oss,demo,17,Synthetic claim 44 in cluster 15,15044,0,0.20861082982708554
claim_015_045,12.198503048569483,6.711799765266859,clu_015,Cashflow,#af7ac5,gender,gpt_oss,demo,17,Synthetic claim 45 in cluster 15,15045,1,0.09173518846222019
claim_015_046,11.929963924349035,6.829033752638584,clu_015,Cashflow,#af7ac5,gender,gpt_oss,demo,17,Synthetic claim 46 in cluster 15,15046,0,0.01843436674300313
claim_015_047,12.05022910395211,5.614709181828717,clu_015,Cashflow,#af7ac5,gender,gpt_oss,demo,17,Synthetic claim 47 in cluster 15,15047,1,0.43873180633262093
claim_015_048,11.55875835327921,5.894693770534929,clu_015,Cashflow,#af7ac5,gender,gpt_oss,demo,17,Synthetic claim 48 in cluster 15,15048,0,0.34202819362121856
claim_015_049,12.17502292456142,6.295676108635864,clu_015,Cashflow,#af7ac5,gender,gpt_oss,demo,17,Synthetic claim 49 in cluster 15,15049,1,0.0650447049755548
claim_015_050,12.40694812978794,7.285242015180471,clu_015,Cashflow,#af7ac5,gender,gpt_oss,demo,17,Synthetic claim 50 in cluster 15,15050,0,0.15108769937514824
claim_015_051,12.195563305978197,5.355052326596676,clu_015,Cashflow,#af7ac5,gender,gpt_oss,demo,17,Synthetic claim 51 in cluster 15,15051,1,0.3147576679074679
claim_015_052,11.904371863116591,6.571365784990911,clu_015,Cashflow,#af7ac5,gender,gpt_oss,demo,17,Synthetic claim 52 in cluster 15,15052,0,0.003100102501362273
claim_015_053,12.709539945075361,6.724688256491671,clu_015,Cashflow,#af7ac5,gender,gpt_oss,demo,17,Synthetic claim 53 in cluster 15,15053,1,0.05057002792483261
claim_015_054,12.105341539977365,5.7384889982385525,clu_015,Cashflow,#af7ac5,gender,gpt_oss,demo,17,Synthetic claim 54 in cluster 15,15054,0,0.0030047292803166317
claim_015_055,11.12757393549959,6.08019591180587,clu_015,Cashflow,#af7ac5,gender,gpt_oss,demo,17,Synthetic claim 55 in cluster 15,15055,1,0.3377632878537235
claim_015_056,10.818578112783644,6.664044404934308,clu_015,Cashflow,#af7ac5,gender,gpt_oss,demo,17,Synthetic claim 56 in cluster 15,15056,0,0.25659970434508217
claim_015_057,11.95893061351844,6.312303928269916,clu_015,Cashflow,#af7ac5,gender,gpt_oss,demo,17,Synthetic claim 57 in cluster 15,15057,1,0.2265579472425238
claim_016_000,-0.4342606604039063,6.660911735740923,clu_016,Everyday spending,#58b368,age,qwen,demo,101,Synthetic claim 0 in cluster 16,16000,0,0.10805563774696025
claim_016_001,-0.26588051044893724,7.92559811384582,clu_016,Everyday spending,#58b368,age,qwen,demo,101,Synthetic claim 1 in cluster 16,16001,1,0.26470542252378276
claim_016_002,-0.430313306472752,7.892756279940883,clu_016,Everyday spending,#58b368,age,qwen,demo,101,Synthetic claim 2 in cluster 16,16002,0,0.021334575037221717
claim_016_003,0.7807589144749165,7.442630398463267,clu_016,Everyday spending,#58b368,age,qwen,demo,101,Synthetic claim 3 in cluster 16,16003,1,0.39000739764518677
claim_016_004,0.7795091067974619,8.038869152254087,clu_016,Everyday spending,#58b368,age,qwen,demo,101,Synthetic claim 4 in cluster 16,16004,0,0.0891248104786837
claim_016_005,-0.6531154299045292,8.368906902891542,clu_016,Everyday spending,#58b368,age,qwen,demo,101,Synthetic claim 5 in cluster 16,16005,1,0.3897556607080083
claim_016_006,0.1149725895008463,7.897139061966194,clu_016,Everyday spending,#58b368,age,qwen,demo,101,Synthetic claim 6 in cluster 16,16006,0,0.4041380235291804
claim_016_007,-1.2447167355482418,8.534810277921634,clu_016,Everyday spending,#58b368,age,qwen,demo,101,Synthetic claim 7 in cluster 16,16007,1,0.3944271605862799
claim_016_008,0.905981932184257,7.710922803779025,clu_016,Everyday spending,#58b368,age,qwen,demo,101,Synthetic claim 8 in cluster 16,16008,0,0.3604740980623931
claim_016_009,0.1696323138802212,7.954258425773493,clu_016,Everyday spending,#58b368,age,qwen,demo,101,Synthetic claim 9 in cluster 16,16009,1,0.017944417376192706
claim_016_010,0.9521954158014664,8.534680928949864,clu_016,Everyday spending,#58b368,age,qwen,demo,101,Synthetic claim 10 in cluster 16,16010,0,0.04011996286149932
claim_016_011,-0.07313975234362344,7.933202595233682,clu_016,Everyday spending,#58b368,age,qwen,demo,101,Synthetic claim 11 in cluster 16,16011,1,0.2101164650545574
claim_016_012,1.6633040912227655,7.791171976143251,clu_016,Everyday spending,#58b368,age,qwen,demo,101,Synthetic claim 12 in cluster 16,16012,0,0.00901656186388508
claim_016_013,-0.2655898461541588,8.240872120687335,clu_016,Everyday spending,#58b368,age,qwen,demo,101,Synthetic claim 13 in cluster 16,16013,1,0.3790508583494706
claim_016_014,-0.29114034827949087,8.256114109393339,clu_016,Everyday spending,#58b368,age,qwen,demo,101,Synthetic claim 14 in cluster 16,16014,0,0.32991988232941916
claim_016_015,-0.06341340061408265,7.946472326361889,clu_016,Everyday spending,#58b368,age,qwen,demo,101,Synthetic claim 15 in cluster 16,16015,1,0.15584633517146523
claim_016_016,0.7688939412346428,7.84895510242263,clu_016,Everyday spending,#58b368,age,qwen,demo,101,Synthetic claim 16 in cluster 16,16016,0,0.11714594223907937
claim_016_017,0.5173687031751524,7.6410448776801125,clu_016,Everyday spending,#58b368,age,qwen,demo,101,Synthetic claim 17 in cluster 16,16017,1,0.13166361809634936
claim_016_018,0.09270976878736593,7.212764665809538,clu_016,Everyday spending,#58b368,age,qwen,demo,101,Synthetic claim 18 in cluster 16,16018,0,0.2706316190687346
claim_016_019,0.6139707243727673,8.169760433943546,clu_016,Everyday spending,#58b368,age,qwen,demo,101,Synthetic claim 19 in cluster 16,16019,1,0.0452416208366686
claim_016_020,-0.47008273463385597,7.895242323139955,clu_016,Everyday spending,#58b368,age,qwen,demo,101,Synthetic claim 20 in cluster 16,16020,0,0.37994827489532235
claim_016_021,-0.06433133254678616,8.078590895212194,clu_016,Everyday spending,#58b368,age,qwen,demo,101,Synthetic claim 21 in cluster 16,16021,1,0.2920652785904665
claim_016_022,-0.6615144312803085,7.737153153815054,clu_016,Everyday spending,#58b368,age,qwen,demo,101,Synthetic claim 22 in cluster 16,16022,0,0.16182048278619593
claim_016_023,0.28289790764992817,8.885672928778776,clu_016,Everyday spending,#58b368,age,qwen,demo,101,Synthetic claim 23 in cluster 16,16023,1,0.06636835918250973
claim_016_024,-1.0068351653457681,8.660915942515535,clu_016,Everyday spending,#58b368,age,qwen,demo,101,Synthetic claim 24 in cluster 16,16024,0,0.39026478398904213
claim_016_025,0.4409857702728751,8.11440389857867,clu_016,Everyday spending,#58b368,age,qwen,demo,101,Synthetic claim 25 in cluster 16,16025,1,0.40789994698319276
claim_016_026,0.3341153976629964,7.621436024878421,clu_016,Everyday spending,#58b368,age,qwen,demo,101,Synthetic claim 26 in cluster 16,16026,0,0.15241514323647942
claim_016_027,0.3524156538054788,7.786035898531331,clu_016,Everyday spending,#58b368,age,qwen,demo,101,Synthetic claim 27 in cluster 16,16027,1,0.03347595928296854
claim_016_028,1.5367363849709152,7.488312038026951,clu_016,Everyday spending,#58b368,age,qwen,demo,101,Synthetic claim 28 in cluster 16,16028,0,0.1565605508860044
claim_016_029,0.14480141450193745,7.571830126955717,clu_016,Everyday spending,#58b368,age,qwen,demo,101,Synthetic claim 29 in cluster 16,16029,1,0.3952959700954402
claim_016_030,-0.31465803633228073,7.9957699404792315,clu_016,Everyday spending,#58b368,age,qwen,demo,101,Synthetic claim 30 in cluster 16,16030,0,0.09572958961935593
claim_016_031,0.35231560794508887,7.84997800043333,clu_016,Everyday spending,#58b368,age,qwen,demo,101,Synthetic claim 31 in cluster 16,16031,1,0.18113769181658584
claim_016_032,0.3374559934986264,8.283756816639267,clu_016,Everyday spending,#58b368,age,qwen,demo,101,Synthetic claim 32 in cluster 16,16032,0,0.40576868814885403
claim_016_033,-0.5571152099601562,8.289616314363238,clu_016,Everyday spending,#58b368,age,qwen,demo,101,Synthetic claim 33 in cluster 16,16033,1,0.14317088346646037
claim_016_034,0.05726762827774842,8.359952221923399,clu_016,Everyday spending,#58b368,age,qwen,demo,101,Synthetic claim 34 in cluster 16,16034,0,0.3697914863897961
claim_017_000,4.158001345433796,8.911439240975646,clu_017,Mobility,#f39c35,rosbank,gpt_oss,demo,947,Synthetic claim 0 in cluster 17,17000,0,0.20590899060165282
claim_017_001,4.048088882831412,9.36693783569246,clu_017,Mobility,#f39c35,rosbank,gpt_oss,demo,947,Synthetic claim 1 in cluster 17,17001,1,0.259950888375884
claim_017_002,3.966890847664546,9.166922809655027,clu_017,Mobility,#f39c35,rosbank,gpt_oss,demo,947,Synthetic claim 2 in cluster 17,17002,0,0.3657015168611083
claim_017_003,3.992062102481326,9.232921950350391,clu_017,Mobility,#f39c35,rosbank,gpt_oss,demo,947,Synthetic claim 3 in cluster 17,17003,1,0.34265050144092374
claim_017_004,4.5172660137147576,8.733304468473632,clu_017,Mobility,#f39c35,rosbank,gpt_oss,demo,947,Synthetic claim 4 in cluster 17,17004,0,0.008863321817791276
claim_017_005,3.074901468034594,8.356582411721622,clu_017,Mobility,#f39c35,rosbank,gpt_oss,demo,947,Synthetic claim 5 in cluster 17,17005,1,0.3484711115575146
claim_017_006,3.9286871274264406,8.970870254048238,clu_017,Mobility,#f39c35,rosbank,gpt_oss,demo,947,Synthetic claim 6 in cluster 17,17006,0,0.025726504593000004
claim_017_007,3.9997085832710075,9.927591163499978,clu_017,Mobility,#f39c35,rosbank,gpt_oss,demo,947,Synthetic claim 7 in cluster 17,17007,1,0.42597894641417927
claim_017_008,4.076937637725513,9.47219840621777,clu_017,Mobility,#f39c35,rosbank,gpt_oss,demo,947,Synthetic claim 8 in cluster 17,17008,0,0.09085591488639723
claim_017_009,4.350906574557727,8.710537791621883,clu_017,Mobility,#f39c35,rosbank,gpt_oss,demo,947,Synthetic claim 9 in cluster 17,17009,1,0.2757490184332227
claim_017_010,3.9250659642069166,9.327370293026341,clu_017,Mobility,#f39c35,rosbank,gpt_oss,demo,947,Synthetic claim 10 in cluster 17,17010,0,0.18269492643781104
claim_017_011,3.4058978664478166,9.26400996264161,clu_017,Mobility,#f39c35,rosbank,gpt_oss,demo,947,Synthetic claim 11 in cluster 17,17011,1,0.39736736871610506
claim_017_012,3.9114578144806362,9.170921073109723,clu_017,Mobility,#f39c35,rosbank,gpt_oss,demo,947,Synthetic claim 12 in cluster 17,17012,0,0.3121672835391736
claim_017_013,4.587160130544487,9.800383380214939,clu_017,Mobility,#f39c35,rosbank,gpt_oss,demo,947,Synthetic claim 13 in cluster 17,17013,1,0.15188868573080244
claim_017_014,4.057234966291394,8.4527783247953,clu_017,Mobility,#f39c35,rosbank,gpt_oss,demo,947,Synthetic claim 14 in cluster 17,17014,0,0.15524070320848976
claim_017_015,4.332596790023658,9.698645460364293,clu_017,Mobility,#f39c35,rosbank,gpt_oss,demo,947,Synthetic claim 15 in cluster 17,17015,1,0.033162461489182296
claim_017_016,3.7166584846098525,9.261191806576612,clu_017,Mobility,#f39c35,rosbank,gpt_oss,demo,947,Synthetic claim 16 in cluster 17,17016,0,0.004249009503414764
claim_017_017,4.247984986089469,9.701074802568195,clu_017,Mobility,#f39c35,rosbank,gpt_oss,demo,947,Synthetic claim 17 in cluster 17,17017,1,0.38480663474978904
claim_017_018,3.3034802764715767,9.693115453540097,clu_017,Mobility,#f39c35,rosbank,gpt_oss,demo,947,Synthetic claim 18 in cluster 17,17018,0,0.19149402860035386
claim_017_019,4.423131269732114,9.028603321806058,clu_017,Mobility,#f39c35,rosbank,gpt_oss,demo,947,Synthetic claim 19 in cluster 17,17019,1,0.38176904283748164
claim_017_020,4.056580848620947,9.156355360176857,clu_017,Mobility,#f39c35,rosbank,gpt_oss,demo,947,Synthetic claim 20 in cluster 17,17020,0,0.14652078534486465
claim_017_021,4.174891957138155,8.58746743580643,clu_017,Mobility,#f39c35,rosbank,gpt_oss,demo,947,Synthetic claim 21 in cluster 17,17021,1,0.07781489484010899
claim_017_022,3.9984270506490076,9.000764048382711,clu_017,Mobility,#f39c35,rosbank,gpt_oss,demo,947,Synthetic claim 22 in cluster 17,17022,0,0.30716930709386053
claim_017_023,4.994235166656935,9.295839567345425,clu_017,Mobility,#f39c35,rosbank,gpt_oss,demo,947,Synthetic claim 23 in cluster 17,17023,1,0.32680073377248536
claim_017_024,3.6913373432106815,8.514762806331495,clu_017,Mobility,#f39c35,rosbank,gpt_oss,demo,947,Synthetic claim 24 in cluster 17,17024,0,0.3791037837900736
claim_017_025,4.95026987787848,8.976690383443012,clu_017,Mobility,#f39c35,rosbank,gpt_oss,demo,947,Synthetic claim 25 in cluster 17,17025,1,0.38748545246474014
claim_017_026,4.3418417423832905,8.425545074409317,clu_017,Mobility,#f39c35,rosbank,gpt_oss,demo,947,Synthetic claim 26 in cluster 17,17026,0,0.4403180713317705
claim_017_027,3.852484949299843,9.070205479698583,clu_017,Mobility,#f39c35,rosbank,gpt_oss,demo,947,Synthetic claim 27 in cluster 17,17027,1,0.14311635497552966
claim_017_028,4.205694691138099,8.976604946721014,clu_017,Mobility,#f39c35,rosbank,gpt_oss,demo,947,Synthetic claim 28 in cluster 17,17028,0,0.3555129140454801
claim_017_029,4.684812569695649,9.231697321632755,clu_017,Mobility,#f39c35,rosbank,gpt_oss,demo,947,Synthetic claim 29 in cluster 17,17029,1,0.33747436262591085
claim_017_030,3.4347094305654253,9.740416551246106,clu_017,Mobility,#f39c35,rosbank,gpt_oss,demo,947,Synthetic claim 30 in cluster 17,17030,0,0.009561334756438606
claim_017_031,4.053094755860071,8.1120624576261,clu_017,Mobility,#f39c35,rosbank,gpt_oss,demo,947,Synthetic claim 31 in cluster 17,17031,1,0.013383778737043944
claim_017_032,4.454570283446445,8.278513784801534,clu_017,Mobility,#f39c35,rosbank,gpt_oss,demo,947,Synthetic claim 32 in cluster 17,17032,0,0.41268957100504133
claim_017_033,4.317031732031955,8.639935156085526,clu_017,Mobility,#f39c35,rosbank,gpt_oss,demo,947,Synthetic claim 33 in cluster 17,17033,1,0.29554028973020413
claim_018_000,8.271661129756172,8.732997238318879,clu_018,Digital services,#4f86c6,gender,qwen,demo,17,Synthetic claim 0 in cluster 18,18000,0,0.3100907584687127
claim_018_001,10.123243491465587,7.686004804389228,clu_018,Digital services,#4f86c6,gender,qwen,demo,17,Synthetic claim 1 in cluster 18,18001,1,0.12429407445656379
claim_018_002,9.861682777370861,8.469715924281529,clu_018,Digital services,#4f86c6,gender,qwen,demo,17,Synthetic claim 2 in cluster 18,18002,0,0.41840208887766456
claim_018_003,8.524729214535848,8.946137443700492,clu_018,Digital services,#4f86c6,gender,qwen,demo,17,Synthetic claim 3 in cluster 18,18003,1,0.4340101658088678
claim_018_004,8.75456746911424,9.136091326696526,clu_018,Digital services,#4f86c6,gender,qwen,demo,17,Synthetic claim 4 in cluster 18,18004,0,0.4431056174994658
claim_018_005,9.646525061974542,8.61721476974541,clu_018,Digital services,#4f86c6,gender,qwen,demo,17,Synthetic claim 5 in cluster 18,18005,1,0.11487124092952798
claim_018_006,9.542437134840291,7.852807697600595,clu_018,Digital services,#4f86c6,gender,qwen,demo,17,Synthetic claim 6 in cluster 18,18006,0,0.22574476373012642
claim_018_007,9.76615090179886,8.59109793041023,clu_018,Digital services,#4f86c6,gender,qwen,demo,17,Synthetic claim 7 in cluster 18,18007,1,0.11468374978732394
claim_018_008,8.448672738723557,8.267427273101395,clu_018,Digital services,#4f86c6,gender,qwen,demo,17,Synthetic claim 8 in cluster 18,18008,0,0.1498639147974122
claim_018_009,9.884765074640216,8.6872362311019,clu_018,Digital services,#4f86c6,gender,qwen,demo,17,Synthetic claim 9 in cluster 18,18009,1,0.06232250572272321
claim_018_010,9.841746865863984,8.672184389840485,clu_018,Digital services,#4f86c6,gender,qwen,demo,17,Synthetic claim 10 in cluster 18,18010,0,0.411184979621944
claim_018_011,9.632702618106713,8.772956423468791,clu_018,Digital services,#4f86c6,gender,qwen,demo,17,Synthetic claim 11 in cluster 18,18011,1,0.4373045442685321
claim_018_012,9.87391468126461,8.072492454425703,clu_018,Digital services,#4f86c6,gender,qwen,demo,17,Synthetic claim 12 in cluster 18,18012,0,0.0804935585282433
claim_018_013,9.32477132494714,8.572484042411206,clu_018,Digital services,#4f86c6,gender,qwen,demo,17,Synthetic claim 13 in cluster 18,18013,1,0.38096602360163756
claim_018_014,9.874951646883812,8.35990353673362,clu_018,Digital services,#4f86c6,gender,qwen,demo,17,Synthetic claim 14 in cluster 18,18014,0,0.2574655169305501
claim_018_015,9.975997031073229,8.21244585751593,clu_018,Digital services,#4f86c6,gender,qwen,demo,17,Synthetic claim 15 in cluster 18,18015,1,0.062183789253848175
claim_018_016,10.161621534266692,8.205043119900004,clu_018,Digital services,#4f86c6,gender,qwen,demo,17,Synthetic claim 16 in cluster 18,18016,0,0.11131755855249754
claim_018_017,9.357923128547883,8.227846998435798,clu_018,Digital services,#4f86c6,gender,qwen,demo,17,Synthetic claim 17 in cluster 18,18017,1,0.18559749220500707
claim_018_018,8.890625132734101,8.11856533298133,clu_018,Digital services,#4f86c6,gender,qwen,demo,17,Synthetic claim 18 in cluster 18,18018,0,0.36747465730751616
claim_018_019,8.539755670424576,8.510515641731052,clu_018,Digital services,#4f86c6,gender,qwen,demo,17,Synthetic claim 19 in cluster 18,18019,1,0.0027007128275144177
claim_018_020,9.567398139426722,8.95103087595952,clu_018,Digital services,#4f86c6,gender,qwen,demo,17,Synthetic claim 20 in cluster 18,18020,0,0.03236739732721929
claim_018_021,9.281478500907054,8.205334548358836,clu_018,Digital services,#4f86c6,gender,qwen,demo,17,Synthetic claim 21 in cluster 18,18021,1,0.3492377159779647
claim_018_022,8.892788143504156,8.671535866859612,clu_018,Digital services,#4f86c6,gender,qwen,demo,17,Synthetic claim 22 in cluster 18,18022,0,0.3919476875701981
claim_018_023,9.442887297129383,8.56607632802572,clu_018,Digital services,#4f86c6,gender,qwen,demo,17,Synthetic claim 23 in cluster 18,18023,1,0.2101103273289906
claim_018_024,9.621463206450706,8.828494903759099,clu_018,Digital services,#4f86c6,gender,qwen,demo,17,Synthetic claim 24 in cluster 18,18024,0,0.39904569294217745
claim_018_025,8.944508152768142,8.087638805083664,clu_018,Digital services,#4f86c6,gender,qwen,demo,17,Synthetic claim 25 in cluster 18,18025,1,0.2865383782018531
claim_018_026,8.921928357387285,7.994621245672467,clu_018,Digital services,#4f86c6,gender,qwen,demo,17,Synthetic claim 26 in cluster 18,18026,0,0.04818968777585207
claim_018_027,8.762762165705787,8.025374084584065,clu_018,Digital services,#4f86c6,gender,qwen,demo,17,Synthetic claim 27 in cluster 18,18027,1,0.22105142133958275
claim_018_028,9.743576508985596,7.761770974260143,clu_018,Digital services,#4f86c6,gender,qwen,demo,17,Synthetic claim 28 in cluster 18,18028,0,0.3976972297776992
claim_018_029,9.406885679526695,8.202563648798725,clu_018,Digital services,#4f86c6,gender,qwen,demo,17,Synthetic claim 29 in cluster 18,18029,1,0.03487563128600208
claim_018_030,9.147446985741949,8.789487674393326,clu_018,Digital services,#4f86c6,gender,qwen,demo,17,Synthetic claim 30 in cluster 18,18030,0,0.44210157633040115
claim_019_000,12.674396784638404,7.904014024102193,clu_019,Cashflow,#af7ac5,age,gpt_oss,demo,101,Synthetic claim 0 in cluster 19,19000,0,0.44020811795197506
claim_019_001,11.900822221377275,8.138205736155902,clu_019,Cashflow,#af7ac5,age,gpt_oss,demo,101,Synthetic claim 1 in cluster 19,19001,1,0.39513604026800203
claim_019_002,12.424173650172248,7.401137428823,clu_019,Cashflow,#af7ac5,age,gpt_oss,demo,101,Synthetic claim 2 in cluster 19,19002,0,0.0658961276199597
claim_019_003,12.744449270827868,8.30755651863457,clu_019,Cashflow,#af7ac5,age,gpt_oss,demo,101,Synthetic claim 3 in cluster 19,19003,1,0.1515413294837411
claim_019_004,12.604033262503103,7.665646186754287,clu_019,Cashflow,#af7ac5,age,gpt_oss,demo,101,Synthetic claim 4 in cluster 19,19004,0,0.161532605016722
claim_019_005,12.862295432578964,7.068365452585566,clu_019,Cashflow,#af7ac5,age,gpt_oss,demo,101,Synthetic claim 5 in cluster 19,19005,1,0.2597997011599992
claim_019_006,12.518502113255707,7.469045840515577,clu_019,Cashflow,#af7ac5,age,gpt_oss,demo,101,Synthetic claim 6 in cluster 19,19006,0,0.04831226238472635
claim_019_007,12.577654893529886,8.017593922184084,clu_019,Cashflow,#af7ac5,age,gpt_oss,demo,101,Synthetic claim 7 in cluster 19,19007,1,0.3023502560534666
claim_019_008,13.4223336886641,7.937387273896152,clu_019,Cashflow,#af7ac5,age,gpt_oss,demo,101,Synthetic claim 8 in cluster 19,19008,0,0.032956805256877504
claim_019_009,11.51667356600884,8.022004099520236,clu_019,Cashflow,#af7ac5,age,gpt_oss,demo,101,Synthetic claim 9 in cluster 19,19009,1,0.016362910086955874
claim_019_010,11.791546320834982,8.047055170762123,clu_019,Cashflow,#af7ac5,age,gpt_oss,demo,101,Synthetic claim 10 in cluster 19,19010,0,0.43126660248474613
claim_019_011,11.837007883602922,7.850124417333911,clu_019,Cashflow,#af7ac5,age,gpt_oss,demo,101,Synthetic claim 11 in cluster 19,19011,1,0.33344759233348537
claim_019_012,12.39840419068443,7.368487721284279,clu_019,Cashflow,#af7ac5,age,gpt_oss,demo,101,Synthetic claim 12 in cluster 19,19012,0,0.19394237275172183
claim_019_013,13.596908904938115,7.50815165025852,clu_019,Cashflow,#af7ac5,age,gpt_oss,demo,101,Synthetic claim 13 in cluster 19,19013,1,0.22957009332212389
claim_019_014,13.84335053694338,7.871154539305679,clu_019,Cashflow,#af7ac5,age,gpt_oss,demo,101,Synthetic claim 14 in cluster 19,19014,0,0.020070206134593184
claim_019_015,11.578673125466933,8.201357663610189,clu_019,Cashflow,#af7ac5,age,gpt_oss,demo,101,Synthetic claim 15 in cluster 19,19015,1,0.3855890910111641
claim_019_016,11.614544582352355,7.809840720953286,clu_019,Cashflow,#af7ac5,age,gpt_oss,demo,101,Synthetic claim 16 in cluster 19,19016,0,0.2071513553773129
claim_019_017,13.466985693133442,8.377779608126867,clu_019,Cashflow,#af7ac5,age,gpt_oss,demo,101,Synthetic claim 17 in cluster 19,19017,1,0.17526428756914972
claim_019_018,12.086553419234104,8.06735482346096,clu_019,Cashflow,#af7ac5,age,gpt_oss,demo,101,Synthetic claim 18 in cluster 19,19018,0,0.202309697953267
claim_019_019,12.293989704456278,8.33566644144933,clu_019,Cashflow,#af7ac5,age,gpt_oss,demo,101,Synthetic claim 19 in cluster 19,19019,1,0.3221334030843771
claim_019_020,12.41448929264293,7.747937938767676,clu_019,Cashflow,#af7ac5,age,gpt_oss,demo,101,Synthetic claim 20 in cluster 19,19020,0,0.2379681462806717
claim_019_021,12.152291816152971,7.618864018380322,clu_019,Cashflow,#af7ac5,age,gpt_oss,demo,101,Synthetic claim 21 in cluster 19,19021,1,0.11955845124146228
claim_019_022,12.165314403315305,7.47615990572169,clu_019,Cashflow,#af7ac5,age,gpt_oss,demo,101,Synthetic claim 22 in cluster 19,19022,0,0.3813086769037456
claim_019_023,13.302756476342275,7.095833644167512,clu_019,Cashflow,#af7ac5,age,gpt_oss,demo,101,Synthetic claim 23 in cluster 19,19023,1,0.18165104551361386
claim_019_024,12.391576430151924,8.477618415431909,clu_019,Cashflow,#af7ac5,age,gpt_oss,demo,101,Synthetic claim 24 in cluster 19,19024,0,0.11829878527946731
claim_019_025,12.45841738881591,7.899850941430671,clu_019,Cashflow,#af7ac5,age,gpt_oss,demo,101,Synthetic claim 25 in cluster 19,19025,1,0.2450969484455183
claim_019_026,13.070326152511424,7.592424801590412,clu_019,Cashflow,#af7ac5,age,gpt_oss,demo,101,Synthetic claim 26 in cluster 19,19026,0,0.28860585581305226
claim_019_027,11.481928375590229,7.21379336766689,clu_019,Cashflow,#af7ac5,age,gpt_oss,demo,101,Synthetic claim 27 in cluster 19,19027,1,0.272062756691811
claim_019_028,11.504698416080998,8.154450997801687,clu_019,Cashflow,#af7ac5,age,gpt_oss,demo,101,Synthetic claim 28 in cluster 19,19028,0,0.060662472761679784
outlier_000,9.065399889446207,9.882923227400203,unassigned,Unassigned,#b8bcc5,gender,qwen,demo,17,Synthetic unassigned claim 0,90000,0,1.0
outlier_001,9.669011593282795,-0.26168657958033426,unassigned,Unassigned,#b8bcc5,age,gpt_oss,demo,101,Synthetic unassigned claim 1,90001,1,1.0
outlier_002,1.5592655769236803,7.8405716585292,unassigned,Unassigned,#b8bcc5,rosbank,qwen,demo,947,Synthetic unassigned claim 2,90002,0,1.0
outlier_003,1.7741129956932467,3.6657813790200056,unassigned,Unassigned,#b8bcc5,gender,gpt_oss,demo,17,Synthetic unassigned claim 3,90003,1,1.0
outlier_004,4.74328707316438,9.706381798252146,unassigned,Unassigned,#b8bcc5,age,qwen,demo,101,Synthetic unassigned claim 4,90004,0,1.0
outlier_005,2.250048460228157,1.414355206528402,unassigned,Unassigned,#b8bcc5,rosbank,gpt_oss,demo,947,Synthetic unassigned claim 5,90005,1,1.0
outlier_006,8.289315786137257,3.0227362540798186,unassigned,Unassigned,#b8bcc5,gender,qwen,demo,17,Synthetic unassigned claim 6,90006,0,1.0
outlier_007,3.7946513398146804,1.5951680552735592,unassigned,Unassigned,#b8bcc5,age,gpt_oss,demo,101,Synthetic unassigned claim 7,90007,1,1.0
outlier_008,13.55046198203718,2.909702917638407,unassigned,Unassigned,#b8bcc5,rosbank,qwen,demo,947,Synthetic unassigned claim 8,90008,0,1.0
outlier_009,4.458777014766868,3.640775453506425,unassigned,Unassigned,#b8bcc5,gender,gpt_oss,demo,17,Synthetic unassigned claim 9,90009,1,1.0
outlier_010,6.832155989509228,6.929111302607705,unassigned,Unassigned,#b8bcc5,age,qwen,demo,101,Synthetic unassigned claim 10,90010,0,1.0
outlier_011,-0.9520695430664974,8.691217737574407,unassigned,Unassigned,#b8bcc5,rosbank,gpt_oss,demo,947,Synthetic unassigned claim 11,90011,1,1.0
outlier_012,5.387472555054601,2.0746510576951573,unassigned,Unassigned,#b8bcc5,gender,qwen,demo,17,Synthetic unassigned claim 12,90012,0,1.0
outlier_013,12.29987833209083,-0.5661850965417349,unassigned,Unassigned,#b8bcc5,age,gpt_oss,demo,101,Synthetic unassigned claim 13,90013,1,1.0
outlier_014,8.98768630974394,7.715149167594408,unassigned,Unassigned,#b8bcc5,rosbank,qwen,demo,947,Synthetic unassigned claim 14,90014,0,1.0
outlier_015,13.56408637059187,1.1722275231957635,unassigned,Unassigned,#b8bcc5,gender,gpt_oss,demo,17,Synthetic unassigned claim 15,90015,1,1.0
outlier_016,8.414884973143007,9.363329326079564,unassigned,Unassigned,#b8bcc5,age,qwen,demo,101,Synthetic unassigned claim 16,90016,0,1.0
outlier_017,11.36017598260349,4.831576273444148,unassigned,Unassigned,#b8bcc5,rosbank,gpt_oss,demo,947,Synthetic unassigned claim 17,90017,1,1.0
outlier_018,2.4447281098412446,9.993838034749844,unassigned,Unassigned,#b8bcc5,gender,qwen,demo,17,Synthetic unassigned claim 18,90018,0,1.0
outlier_019,7.84243458581742,-0.5360573508232765,unassigned,Unassigned,#b8bcc5,age,gpt_oss,demo,101,Synthetic unassigned claim 19,90019,1,1.0
outlier_020,-0.7734174686637548,8.944191601578444,unassigned,Unassigned,#b8bcc5,rosbank,qwen,demo,947,Synthetic unassigned claim 20,90020,0,1.0
outlier_021,4.864360829934409,0.7444954344756363,unassigned,Unassigned,#b8bcc5,gender,gpt_oss,demo,17,Synthetic unassigned claim 21,90021,1,1.0
outlier_022,6.759672281034789,-0.7681920640769414,unassigned,Unassigned,#b8bcc5,age,qwen,demo,101,Synthetic unassigned claim 22,90022,0,1.0
outlier_023,9.801507145255679,-0.4966276441825832,unassigned,Unassigned,#b8bcc5,rosbank,gpt_oss,demo,947,Synthetic unassigned claim 23,90023,1,1.0
outlier_024,7.674076678321429,9.776847708066354,unassigned,Unassigned,#b8bcc5,gender,qwen,demo,17,Synthetic unassigned claim 24,90024,0,1.0
outlier_025,13.906750073578598,5.187723885600345,unassigned,Unassigned,#b8bcc5,age,gpt_oss,demo,101,Synthetic unassigned claim 25,90025,1,1.0
outlier_026,8.598643325429196,8.513452974258502,unassigned,Unassigned,#b8bcc5,rosbank,qwen,demo,947,Synthetic unassigned claim 26,90026,0,1.0
outlier_027,4.2283186949770135,4.964805985543299,unassigned,Unassigned,#b8bcc5,gender,gpt_oss,demo,17,Synthetic unassigned claim 27,90027,1,1.0
outlier_028,5.0448756519399565,4.899163648013931,unassigned,Unassigned,#b8bcc5,age,qwen,demo,101,Synthetic unassigned claim 28,90028,0,1.0
outlier_029,7.546666181775832,0.8248653084090369,unassigned,Unassigned,#b8bcc5,rosbank,gpt_oss,demo,947,Synthetic unassigned claim 29,90029,1,1.0
